    Record,   Date,   UTC Time,       MachineOperator,      OrderName,    State,      ActTempUL,      ActTempUR,      ActTempDL,     ActTempDR,        SetTemp,         SetTime,     PiecesCntr, PiecesPerSplice
1, 5/14/2019,07:10:00,4,"""14/5/19/a""",2,1.96E+02,2.04E+02,2.02E+02,1.96E+02,2.00E+02,30,0,8
2, 5/14/2019,07:20:00,4,"""14/5/19/a""",3,2.02E+02,1.98E+02,2.05E+02,2.10E+02,2.00E+02,30,0,8
3, 5/14/2019,07:30:00,4,"""14/5/19/a""",4,1.99E+02,2.03E+02,2.08E+02,2.02E+02,2.00E+02,30,0,8
4, 5/14/2019,07:40:00,4,"""14/5/19/a""",4,1.99E+02,1.94E+02,1.95E+02,2.08E+02,2.00E+02,30,8,8
5, 5/14/2019,07:50:00,4,"""14/5/19/a""",4,1.98E+02,1.92E+02,1.99E+02,2.10E+02,2.00E+02,30,16,8
6, 5/14/2019,08:00:00,4,"""14/5/19/a""",4,1.93E+02,2.07E+02,1.92E+02,2.03E+02,2.00E+02,30,24,8
7, 5/14/2019,08:10:00,4,"""14/5/19/a""",4,1.91E+02,2.08E+02,1.91E+02,1.91E+02,2.00E+02,30,32,8
8, 5/14/2019,08:20:00,4,"""14/5/19/a""",4,2.00E+02,2.02E+02,2.08E+02,2.05E+02,2.00E+02,30,40,8
9, 5/14/2019,08:30:00,4,"""14/5/19/a""",4,2.10E+02,1.95E+02,2.08E+02,1.92E+02,2.00E+02,30,48,8
10, 5/14/2019,08:40:00,4,"""14/5/19/a""",4,2.06E+02,1.94E+02,2.02E+02,1.92E+02,2.00E+02,30,56,8
11, 5/14/2019,08:50:00,4,"""14/5/19/a""",4,2.08E+02,2.03E+02,2.01E+02,1.90E+02,2.00E+02,30,64,8
12, 5/14/2019,09:00:00,4,"""14/5/19/a""",4,1.94E+02,1.95E+02,2.03E+02,1.93E+02,2.00E+02,30,72,8
13, 5/14/2019,09:10:00,4,"""14/5/19/a""",4,1.93E+02,1.92E+02,2.04E+02,2.02E+02,2.00E+02,30,80,8
14, 5/14/2019,09:20:00,4,"""14/5/19/a""",4,2.07E+02,1.91E+02,2.00E+02,2.00E+02,2.00E+02,30,88,8
15, 5/14/2019,09:30:00,4,"""14/5/19/a""",4,2.09E+02,1.96E+02,2.00E+02,1.99E+02,2.00E+02,30,96,8
16, 5/14/2019,09:40:00,4,"""14/5/19/a""",4,2.07E+02,1.91E+02,2.03E+02,2.05E+02,2.00E+02,30,104,8
17, 5/14/2019,09:50:00,4,"""14/5/19/a""",4,2.03E+02,1.97E+02,2.07E+02,1.92E+02,2.00E+02,30,112,8
18, 5/14/2019,10:00:00,4,"""14/5/19/a""",4,2.03E+02,2.00E+02,2.02E+02,2.05E+02,2.00E+02,30,120,8
19, 5/14/2019,10:10:00,4,"""14/5/19/a""",4,2.01E+02,2.00E+02,2.05E+02,2.05E+02,2.00E+02,30,128,8
20, 5/14/2019,10:20:00,4,"""14/5/19/a""",4,2.04E+02,2.09E+02,2.05E+02,1.94E+02,2.00E+02,30,136,8
21, 5/14/2019,10:30:00,4,"""14/5/19/a""",4,1.99E+02,1.93E+02,1.93E+02,2.06E+02,2.00E+02,30,144,8
22, 5/14/2019,10:40:00,4,"""14/5/19/a""",4,1.98E+02,2.09E+02,1.93E+02,2.02E+02,2.00E+02,30,152,8
23, 5/14/2019,10:50:00,4,"""14/5/19/a""",4,2.03E+02,1.94E+02,2.03E+02,1.93E+02,2.00E+02,30,160,8
24, 5/14/2019,11:00:00,4,"""14/5/19/a""",4,2.05E+02,2.10E+02,2.06E+02,1.98E+02,2.00E+02,30,168,8
25, 5/14/2019,11:10:00,4,"""14/5/19/a""",4,2.04E+02,1.92E+02,1.97E+02,2.03E+02,2.00E+02,30,176,8
26, 5/14/2019,11:20:00,4,"""14/5/19/a""",4,1.92E+02,2.08E+02,1.96E+02,2.03E+02,2.00E+02,30,184,8
27, 5/14/2019,11:30:00,4,"""14/5/19/a""",4,2.04E+02,1.92E+02,2.03E+02,2.10E+02,2.00E+02,30,192,8
28, 5/14/2019,11:40:00,4,"""14/5/19/a""",4,1.99E+02,2.01E+02,2.03E+02,2.03E+02,2.00E+02,30,200,8
29, 5/14/2019,11:50:00,4,"""14/5/19/a""",4,1.94E+02,1.92E+02,1.94E+02,2.09E+02,2.00E+02,30,208,8
30, 5/14/2019,12:00:00,4,"""14/5/19/a""",4,1.96E+02,2.00E+02,1.94E+02,1.92E+02,2.00E+02,30,216,8
31, 5/14/2019,12:10:00,4,"""14/5/19/a""",4,2.00E+02,2.08E+02,2.01E+02,1.91E+02,2.00E+02,30,224,8
32, 5/14/2019,12:20:00,4,"""14/5/19/a""",4,2.07E+02,2.06E+02,2.01E+02,2.06E+02,2.00E+02,30,232,8
33, 5/14/2019,12:30:00,4,"""14/5/19/a""",4,2.01E+02,1.95E+02,2.02E+02,1.99E+02,2.00E+02,30,240,8
34, 5/14/2019,12:40:00,4,"""14/5/19/a""",4,2.08E+02,1.98E+02,1.92E+02,1.95E+02,2.00E+02,30,248,8
35, 5/14/2019,12:50:00,4,"""14/5/19/a""",4,2.02E+02,2.00E+02,2.04E+02,2.08E+02,2.00E+02,30,256,8
36, 5/14/2019,13:00:00,4,"""14/5/19/a""",4,2.03E+02,1.94E+02,1.93E+02,1.95E+02,2.00E+02,30,264,8
37, 5/14/2019,13:10:00,4,"""14/5/19/a""",4,1.98E+02,1.92E+02,1.97E+02,1.93E+02,2.00E+02,30,272,8
38, 5/14/2019,13:20:00,4,"""14/5/19/a""",4,1.97E+02,1.93E+02,1.92E+02,1.99E+02,2.00E+02,30,280,8
39, 5/14/2019,13:30:00,4,"""14/5/19/a""",4,2.09E+02,2.08E+02,2.03E+02,1.98E+02,2.00E+02,30,288,8
40, 5/14/2019,13:40:00,4,"""14/5/19/a""",4,2.05E+02,1.96E+02,2.02E+02,1.97E+02,2.00E+02,30,296,8
41, 5/14/2019,13:50:00,4,"""14/5/19/a""",4,1.96E+02,2.08E+02,1.94E+02,2.07E+02,2.00E+02,30,304,8
42, 5/14/2019,14:00:00,4,"""14/5/19/a""",4,1.90E+02,1.96E+02,1.95E+02,2.10E+02,2.00E+02,30,312,8
43, 5/14/2019,14:10:00,4,"""14/5/19/a""",4,1.98E+02,1.91E+02,2.10E+02,2.07E+02,2.00E+02,30,320,8
44, 5/14/2019,14:20:00,4,"""14/5/19/a""",4,1.90E+02,2.05E+02,1.95E+02,2.04E+02,2.00E+02,30,328,8
45, 5/14/2019,14:30:00,4,"""14/5/19/a""",4,1.93E+02,2.03E+02,2.08E+02,1.95E+02,2.00E+02,30,336,8
46, 5/14/2019,14:40:00,4,"""14/5/19/a""",4,2.03E+02,1.96E+02,2.10E+02,1.99E+02,2.00E+02,30,344,8
47, 5/14/2019,14:50:00,4,"""14/5/19/a""",4,1.92E+02,2.03E+02,1.99E+02,2.05E+02,2.00E+02,30,352,8
48, 5/14/2019,15:00:00,4,"""14/5/19/a""",4,2.02E+02,2.02E+02,1.99E+02,2.00E+02,2.00E+02,30,360,8
49, 5/14/2019,15:10:00,4,"""14/5/19/b""",4,2.26E+02,2.17E+02,2.24E+02,2.19E+02,2.20E+02,50,0,6
50, 5/14/2019,15:20:00,4,"""14/5/19/b""",4,2.30E+02,2.21E+02,2.20E+02,2.19E+02,2.20E+02,50,6,6
51, 5/14/2019,15:30:00,4,"""14/5/19/b""",4,2.30E+02,2.28E+02,2.20E+02,2.16E+02,2.20E+02,50,12,6
52, 5/14/2019,15:40:00,4,"""14/5/19/b""",4,2.24E+02,2.20E+02,2.23E+02,2.29E+02,2.20E+02,50,18,6
53, 5/14/2019,15:50:00,4,"""14/5/19/b""",4,2.20E+02,2.18E+02,2.21E+02,2.12E+02,2.20E+02,50,24,6
54, 5/14/2019,16:00:00,4,"""14/5/19/b""",4,2.29E+02,2.20E+02,2.28E+02,2.30E+02,2.20E+02,50,30,6
55, 5/14/2019,16:10:00,4,"""14/5/19/b""",4,2.21E+02,2.17E+02,2.30E+02,2.13E+02,2.20E+02,50,36,6
56, 5/14/2019,16:20:00,4,"""14/5/19/b""",4,2.15E+02,2.10E+02,2.16E+02,2.24E+02,2.20E+02,50,42,6
57, 5/14/2019,16:30:00,4,"""14/5/19/b""",4,2.10E+02,2.27E+02,2.15E+02,2.14E+02,2.20E+02,50,48,6
58, 5/14/2019,16:40:00,4,"""14/5/19/b""",4,2.21E+02,2.18E+02,2.28E+02,2.17E+02,2.20E+02,50,54,6
59, 5/14/2019,16:50:00,4,"""14/5/19/b""",4,2.15E+02,2.27E+02,2.11E+02,2.25E+02,2.20E+02,50,60,6
60, 5/14/2019,17:00:00,4,"""14/5/19/b""",4,2.17E+02,2.24E+02,2.24E+02,2.19E+02,2.20E+02,50,66,6
61, 5/14/2019,17:10:00,4,"""14/5/19/b""",4,2.21E+02,2.26E+02,2.12E+02,2.20E+02,2.20E+02,50,72,6
62, 5/14/2019,17:20:00,4,"""14/5/19/b""",4,2.12E+02,2.10E+02,2.10E+02,2.20E+02,2.20E+02,50,78,6
63, 5/14/2019,17:30:00,4,"""14/5/19/b""",4,2.22E+02,2.30E+02,2.24E+02,2.21E+02,2.20E+02,50,84,6
64, 5/14/2019,17:40:00,4,"""14/5/19/b""",4,2.10E+02,2.16E+02,2.26E+02,2.21E+02,2.20E+02,50,90,6
65, 5/14/2019,17:50:00,4,"""14/5/19/b""",4,2.11E+02,2.25E+02,2.10E+02,2.30E+02,2.20E+02,50,96,6
66, 5/14/2019,18:00:00,4,"""14/5/19/b""",4,2.15E+02,2.28E+02,2.13E+02,2.26E+02,2.20E+02,50,102,6
67, 5/14/2019,18:10:00,4,"""14/5/19/b""",4,2.28E+02,2.11E+02,2.25E+02,2.26E+02,2.20E+02,50,108,6
68, 5/14/2019,18:20:00,4,"""14/5/19/b""",4,2.30E+02,2.26E+02,2.24E+02,2.18E+02,2.20E+02,50,114,6
69, 5/14/2019,18:30:00,4,"""14/5/19/b""",4,2.21E+02,2.11E+02,2.24E+02,2.17E+02,2.20E+02,50,120,6
70, 5/14/2019,18:40:00,4,"""14/5/19/b""",4,2.12E+02,2.28E+02,2.24E+02,2.25E+02,2.20E+02,50,126,6
71, 5/14/2019,18:50:00,4,"""14/5/19/b""",4,2.27E+02,2.20E+02,2.20E+02,2.29E+02,2.20E+02,50,132,6
72, 5/14/2019,19:00:00,4,"""14/5/19/b""",4,2.14E+02,2.13E+02,2.27E+02,2.18E+02,2.20E+02,50,138,6
73, 5/14/2019,19:10:00,4,"""14/5/19/b""",4,2.12E+02,2.28E+02,2.28E+02,2.22E+02,2.20E+02,50,144,6
74, 5/14/2019,19:20:00,4,"""14/5/19/b""",4,2.22E+02,2.10E+02,2.29E+02,2.12E+02,2.20E+02,50,150,6
75, 5/14/2019,19:30:00,4,"""14/5/19/b""",4,2.25E+02,2.14E+02,2.24E+02,2.27E+02,2.20E+02,50,156,6
76, 5/14/2019,19:40:00,4,"""14/5/19/b""",4,2.27E+02,2.21E+02,2.21E+02,2.21E+02,2.20E+02,50,162,6
77, 5/14/2019,19:50:00,4,"""14/5/19/b""",4,2.11E+02,2.24E+02,2.22E+02,2.15E+02,2.20E+02,50,168,6
78, 5/14/2019,20:00:00,4,"""14/5/19/b""",4,2.29E+02,2.28E+02,2.13E+02,2.11E+02,2.20E+02,50,174,6
79, 5/14/2019,20:10:00,4,"""14/5/19/b""",4,2.11E+02,2.17E+02,2.11E+02,2.25E+02,2.20E+02,50,180,6
80, 5/14/2019,20:20:00,4,"""14/5/19/b""",4,2.14E+02,2.26E+02,2.24E+02,2.16E+02,2.20E+02,50,186,6
81, 5/14/2019,20:30:00,4,"""14/5/19/b""",4,2.23E+02,2.25E+02,2.18E+02,2.16E+02,2.20E+02,50,192,6
82, 5/14/2019,20:40:00,4,"""14/5/19/b""",4,2.11E+02,2.19E+02,2.16E+02,2.11E+02,2.20E+02,50,198,6
83, 5/14/2019,20:50:00,4,"""14/5/19/b""",4,2.24E+02,2.13E+02,2.20E+02,2.13E+02,2.20E+02,50,204,6
84, 5/14/2019,21:00:00,4,"""14/5/19/b""",4,2.25E+02,2.10E+02,2.10E+02,2.14E+02,2.20E+02,50,210,6
85, 5/14/2019,21:10:00,4,"""14/5/19/b""",4,2.17E+02,2.22E+02,2.24E+02,2.17E+02,2.20E+02,50,216,6
86, 5/14/2019,21:20:00,4,"""14/5/19/b""",4,2.15E+02,2.29E+02,2.24E+02,2.12E+02,2.20E+02,50,222,6
87, 5/14/2019,21:30:00,4,"""14/5/19/b""",4,2.29E+02,2.18E+02,2.20E+02,2.18E+02,2.20E+02,50,228,6
88, 5/14/2019,21:40:00,4,"""14/5/19/b""",4,2.18E+02,2.23E+02,2.14E+02,2.30E+02,2.20E+02,50,234,6
89, 5/14/2019,21:50:00,4,"""14/5/19/b""",4,2.17E+02,2.16E+02,2.20E+02,2.25E+02,2.20E+02,50,240,6
90, 5/14/2019,22:00:00,4,"""14/5/19/b""",4,2.20E+02,2.25E+02,2.15E+02,2.14E+02,2.20E+02,50,246,6
91, 5/14/2019,22:10:00,4,"""14/5/19/b""",4,2.17E+02,2.12E+02,2.28E+02,2.22E+02,2.20E+02,50,252,6
92, 5/14/2019,22:20:00,4,"""14/5/19/b""",4,2.16E+02,2.15E+02,2.16E+02,2.23E+02,2.20E+02,50,258,6
93, 5/14/2019,22:30:00,4,"""14/5/19/b""",4,2.28E+02,2.23E+02,2.16E+02,2.11E+02,2.20E+02,50,264,6
94, 5/14/2019,22:40:00,4,"""14/5/19/b""",4,2.21E+02,2.13E+02,2.23E+02,2.24E+02,2.20E+02,50,270,6
95, 5/14/2019,22:50:00,4,"""14/5/19/b""",4,2.10E+02,2.14E+02,2.15E+02,2.20E+02,2.20E+02,50,276,6
96, 5/14/2019,23:00:00,4,"""14/5/19/b""",4,2.20E+02,2.12E+02,2.19E+02,2.17E+02,2.20E+02,50,282,6
97, 5/14/2019,23:10:00,4,"""14/5/19/c""",4,1.70E+02,1.82E+02,1.79E+02,1.82E+02,1.80E+02,90,0,2
98, 5/14/2019,23:20:00,4,"""14/5/19/c""",4,1.77E+02,1.83E+02,1.85E+02,1.87E+02,1.80E+02,90,2,2
99, 5/14/2019,23:30:00,4,"""14/5/19/c""",4,1.70E+02,1.71E+02,1.77E+02,1.72E+02,1.80E+02,90,4,2
100, 5/14/2019,23:40:00,4,"""14/5/19/c""",4,1.75E+02,1.86E+02,1.79E+02,1.87E+02,1.80E+02,90,6,2
101, 5/14/2019,23:50:00,4,"""14/5/19/c""",4,1.75E+02,1.73E+02,1.76E+02,1.81E+02,1.80E+02,90,8,2
102, 5/14/2019,00:00:00,4,"""14/5/19/c""",4,1.89E+02,1.85E+02,1.81E+02,1.90E+02,1.80E+02,90,10,2
103, 5/14/2019,00:10:00,4,"""14/5/19/c""",4,1.74E+02,1.86E+02,1.83E+02,1.71E+02,1.80E+02,90,12,2
104, 5/14/2019,00:20:00,4,"""14/5/19/c""",4,1.75E+02,1.89E+02,1.89E+02,1.71E+02,1.80E+02,90,14,2
105, 5/14/2019,00:30:00,4,"""14/5/19/c""",4,1.82E+02,1.77E+02,1.82E+02,1.88E+02,1.80E+02,90,16,2
106, 5/14/2019,00:40:00,4,"""14/5/19/c""",4,1.70E+02,1.86E+02,1.79E+02,1.75E+02,1.80E+02,90,18,2
107, 5/14/2019,00:50:00,4,"""14/5/19/c""",4,1.80E+02,1.79E+02,1.88E+02,1.70E+02,1.80E+02,90,20,2
108, 5/14/2019,01:00:00,4,"""14/5/19/c""",4,1.75E+02,1.80E+02,1.77E+02,1.75E+02,1.80E+02,90,22,2
109, 5/14/2019,01:10:00,4,"""14/5/19/c""",4,1.72E+02,1.71E+02,1.74E+02,1.74E+02,1.80E+02,90,24,2
110, 5/14/2019,01:20:00,4,"""14/5/19/c""",4,1.90E+02,1.71E+02,1.71E+02,1.77E+02,1.80E+02,90,26,2
111, 5/14/2019,01:30:00,4,"""14/5/19/c""",4,1.85E+02,1.80E+02,1.80E+02,1.86E+02,1.80E+02,90,28,2
112, 5/14/2019,01:40:00,4,"""14/5/19/c""",4,1.71E+02,1.73E+02,1.73E+02,1.71E+02,1.80E+02,90,30,2
113, 5/14/2019,01:50:00,4,"""14/5/19/c""",4,1.85E+02,1.75E+02,1.71E+02,1.75E+02,1.80E+02,90,32,2
114, 5/14/2019,02:00:00,4,"""14/5/19/c""",4,1.85E+02,1.71E+02,1.71E+02,1.86E+02,1.80E+02,90,34,2
115, 5/14/2019,02:10:00,4,"""14/5/19/c""",4,1.70E+02,1.82E+02,1.86E+02,1.85E+02,1.80E+02,90,36,2
116, 5/14/2019,02:20:00,4,"""14/5/19/c""",4,1.75E+02,1.86E+02,1.89E+02,1.90E+02,1.80E+02,90,38,2
117, 5/14/2019,02:30:00,4,"""14/5/19/c""",4,1.73E+02,1.81E+02,1.84E+02,1.80E+02,1.80E+02,90,40,2
118, 5/14/2019,02:40:00,4,"""14/5/19/c""",4,1.71E+02,1.84E+02,1.87E+02,1.73E+02,1.80E+02,90,42,2
119, 5/14/2019,02:50:00,4,"""14/5/19/c""",4,1.79E+02,1.81E+02,1.89E+02,1.86E+02,1.80E+02,90,44,2
120, 5/14/2019,03:00:00,4,"""14/5/19/c""",4,1.77E+02,1.73E+02,1.74E+02,1.90E+02,1.80E+02,90,46,2
121, 5/14/2019,03:10:00,4,"""14/5/19/c""",4,1.71E+02,1.72E+02,1.70E+02,1.89E+02,1.80E+02,90,48,2
122, 5/14/2019,03:20:00,4,"""14/5/19/c""",4,1.80E+02,1.73E+02,1.75E+02,1.86E+02,1.80E+02,90,50,2
123, 5/14/2019,03:30:00,4,"""14/5/19/c""",4,1.87E+02,1.76E+02,1.79E+02,1.90E+02,1.80E+02,90,52,2
124, 5/14/2019,03:40:00,4,"""14/5/19/c""",4,1.85E+02,1.75E+02,1.73E+02,1.75E+02,1.80E+02,90,54,2
125, 5/14/2019,03:50:00,4,"""14/5/19/c""",4,1.79E+02,1.85E+02,1.86E+02,1.79E+02,1.80E+02,90,56,2
126, 5/14/2019,04:00:00,4,"""14/5/19/c""",4,1.84E+02,1.84E+02,1.86E+02,1.86E+02,1.80E+02,90,58,2
127, 5/14/2019,04:10:00,4,"""14/5/19/c""",4,1.80E+02,1.79E+02,1.73E+02,1.87E+02,1.80E+02,90,60,2
128, 5/14/2019,04:20:00,4,"""14/5/19/c""",4,1.79E+02,1.86E+02,1.70E+02,1.76E+02,1.80E+02,90,62,2
129, 5/14/2019,04:30:00,4,"""14/5/19/c""",4,1.81E+02,1.87E+02,1.70E+02,1.75E+02,1.80E+02,90,64,2
130, 5/14/2019,04:40:00,4,"""14/5/19/c""",4,1.87E+02,1.84E+02,1.71E+02,1.71E+02,1.80E+02,90,66,2
131, 5/14/2019,04:50:00,4,"""14/5/19/c""",4,1.86E+02,1.83E+02,1.88E+02,1.77E+02,1.80E+02,90,68,2
132, 5/14/2019,05:00:00,4,"""14/5/19/c""",4,1.77E+02,1.75E+02,1.85E+02,1.80E+02,1.80E+02,90,70,2
133, 5/14/2019,05:10:00,4,"""14/5/19/c""",4,1.83E+02,1.78E+02,1.73E+02,1.86E+02,1.80E+02,90,72,2
134, 5/14/2019,05:20:00,4,"""14/5/19/c""",4,1.75E+02,1.76E+02,1.73E+02,1.73E+02,1.80E+02,90,74,2
135, 5/14/2019,05:30:00,4,"""14/5/19/c""",4,1.88E+02,1.81E+02,1.78E+02,1.72E+02,1.80E+02,90,76,2
136, 5/14/2019,05:40:00,4,"""14/5/19/c""",4,1.76E+02,1.86E+02,1.80E+02,1.76E+02,1.80E+02,90,78,2
137, 5/14/2019,05:50:00,4,"""14/5/19/c""",4,1.79E+02,1.72E+02,1.83E+02,1.78E+02,1.80E+02,90,80,2
138, 5/14/2019,06:00:00,4,"""14/5/19/c""",4,1.87E+02,1.74E+02,1.83E+02,1.79E+02,1.80E+02,90,82,2
139, 5/14/2019,06:10:00,4,"""14/5/19/c""",4,1.82E+02,1.80E+02,1.79E+02,1.71E+02,1.80E+02,90,84,2
140, 5/14/2019,06:20:00,4,"""14/5/19/c""",4,1.81E+02,1.89E+02,1.89E+02,1.87E+02,1.80E+02,90,86,2
141, 5/14/2019,06:30:00,4,"""14/5/19/c""",4,1.86E+02,1.83E+02,1.82E+02,1.74E+02,1.80E+02,90,88,2
142, 5/14/2019,06:40:00,4,"""14/5/19/c""",4,1.86E+02,1.84E+02,1.70E+02,1.72E+02,1.80E+02,90,90,2
143, 5/14/2019,06:50:00,4,"""14/5/19/c""",4,1.72E+02,1.79E+02,1.85E+02,1.85E+02,1.80E+02,90,92,2
144, 5/14/2019,07:00:00,4,"""14/5/19/c""",4,1.74E+02,1.85E+02,1.85E+02,1.74E+02,1.80E+02,90,94,2
145, 5/14/2019,07:10:00,4,"""14/5/19/a""",2,1.92E+02,1.94E+02,1.93E+02,2.00E+02,2.00E+02,30,0,8
146, 5/14/2019,07:20:00,4,"""14/5/19/a""",3,1.99E+02,1.94E+02,2.09E+02,1.94E+02,2.00E+02,30,0,8
147, 5/14/2019,07:30:00,4,"""14/5/19/a""",4,2.10E+02,2.00E+02,2.06E+02,2.06E+02,2.00E+02,30,0,8
148, 5/14/2019,07:40:00,4,"""14/5/19/a""",4,1.92E+02,2.07E+02,1.94E+02,1.98E+02,2.00E+02,30,8,8
149, 5/14/2019,07:50:00,4,"""14/5/19/a""",4,2.05E+02,2.00E+02,2.00E+02,1.92E+02,2.00E+02,30,16,8
150, 5/14/2019,08:00:00,4,"""14/5/19/a""",4,1.93E+02,2.05E+02,1.97E+02,2.07E+02,2.00E+02,30,24,8
151, 5/14/2019,08:10:00,4,"""14/5/19/a""",4,2.08E+02,2.02E+02,2.02E+02,2.01E+02,2.00E+02,30,32,8
152, 5/14/2019,08:20:00,4,"""14/5/19/a""",4,2.01E+02,2.10E+02,2.02E+02,1.96E+02,2.00E+02,30,40,8
153, 5/14/2019,08:30:00,4,"""14/5/19/a""",4,1.94E+02,1.94E+02,1.95E+02,2.03E+02,2.00E+02,30,48,8
154, 5/14/2019,08:40:00,4,"""14/5/19/a""",4,2.00E+02,1.92E+02,2.07E+02,2.09E+02,2.00E+02,30,56,8
155, 5/14/2019,08:50:00,4,"""14/5/19/a""",4,2.01E+02,2.03E+02,1.91E+02,1.97E+02,2.00E+02,30,64,8
156, 5/14/2019,09:00:00,4,"""14/5/19/a""",4,1.97E+02,2.10E+02,2.09E+02,2.10E+02,2.00E+02,30,72,8
157, 5/14/2019,09:10:00,4,"""14/5/19/a""",4,2.04E+02,2.10E+02,2.05E+02,1.95E+02,2.00E+02,30,80,8
158, 5/14/2019,09:20:00,4,"""14/5/19/a""",4,2.00E+02,1.96E+02,2.01E+02,2.09E+02,2.00E+02,30,88,8
159, 5/14/2019,09:30:00,4,"""14/5/19/a""",4,1.92E+02,2.06E+02,1.97E+02,1.98E+02,2.00E+02,30,96,8
160, 5/14/2019,09:40:00,4,"""14/5/19/a""",4,2.08E+02,2.06E+02,2.08E+02,2.06E+02,2.00E+02,30,104,8
161, 5/14/2019,09:50:00,4,"""14/5/19/a""",4,2.02E+02,1.97E+02,2.09E+02,1.91E+02,2.00E+02,30,112,8
162, 5/14/2019,10:00:00,4,"""14/5/19/a""",4,1.93E+02,2.07E+02,2.04E+02,2.00E+02,2.00E+02,30,120,8
163, 5/14/2019,10:10:00,4,"""14/5/19/a""",4,1.93E+02,1.90E+02,1.90E+02,2.03E+02,2.00E+02,30,128,8
164, 5/14/2019,10:20:00,4,"""14/5/19/a""",4,2.00E+02,2.08E+02,2.07E+02,2.01E+02,2.00E+02,30,136,8
165, 5/14/2019,10:30:00,4,"""14/5/19/a""",4,2.00E+02,2.03E+02,1.91E+02,2.08E+02,2.00E+02,30,144,8
166, 5/14/2019,10:40:00,4,"""14/5/19/a""",4,1.91E+02,2.01E+02,2.10E+02,1.90E+02,2.00E+02,30,152,8
167, 5/14/2019,10:50:00,4,"""14/5/19/a""",4,2.05E+02,2.07E+02,2.04E+02,2.09E+02,2.00E+02,30,160,8
168, 5/14/2019,11:00:00,4,"""14/5/19/a""",4,1.96E+02,2.09E+02,1.99E+02,2.05E+02,2.00E+02,30,168,8
169, 5/14/2019,11:10:00,4,"""14/5/19/a""",4,1.90E+02,2.09E+02,2.05E+02,2.03E+02,2.00E+02,30,176,8
170, 5/14/2019,11:20:00,4,"""14/5/19/a""",4,1.97E+02,1.96E+02,2.10E+02,1.92E+02,2.00E+02,30,184,8
171, 5/14/2019,11:30:00,4,"""14/5/19/a""",4,2.05E+02,2.07E+02,2.10E+02,2.03E+02,2.00E+02,30,192,8
172, 5/14/2019,11:40:00,4,"""14/5/19/a""",4,2.06E+02,2.08E+02,2.01E+02,2.03E+02,2.00E+02,30,200,8
173, 5/14/2019,11:50:00,4,"""14/5/19/a""",4,2.03E+02,2.04E+02,2.00E+02,2.05E+02,2.00E+02,30,208,8
174, 5/14/2019,12:00:00,4,"""14/5/19/a""",4,2.00E+02,2.01E+02,1.91E+02,1.91E+02,2.00E+02,30,216,8
175, 5/14/2019,12:10:00,4,"""14/5/19/a""",4,1.96E+02,1.98E+02,1.95E+02,2.05E+02,2.00E+02,30,224,8
176, 5/14/2019,12:20:00,4,"""14/5/19/a""",4,2.03E+02,2.06E+02,1.91E+02,1.98E+02,2.00E+02,30,232,8
177, 5/14/2019,12:30:00,4,"""14/5/19/a""",4,2.04E+02,1.98E+02,1.90E+02,2.00E+02,2.00E+02,30,240,8
178, 5/14/2019,12:40:00,4,"""14/5/19/a""",4,2.00E+02,1.94E+02,2.06E+02,2.06E+02,2.00E+02,30,248,8
179, 5/14/2019,12:50:00,4,"""14/5/19/a""",4,2.08E+02,1.90E+02,1.95E+02,2.03E+02,2.00E+02,30,256,8
180, 5/14/2019,13:00:00,4,"""14/5/19/a""",4,1.93E+02,1.92E+02,1.94E+02,1.95E+02,2.00E+02,30,264,8
181, 5/14/2019,13:10:00,4,"""14/5/19/a""",4,2.06E+02,1.93E+02,2.09E+02,1.98E+02,2.00E+02,30,272,8
182, 5/14/2019,13:20:00,4,"""14/5/19/a""",4,2.09E+02,1.96E+02,1.94E+02,2.01E+02,2.00E+02,30,280,8
183, 5/14/2019,13:30:00,4,"""14/5/19/a""",4,2.04E+02,2.03E+02,1.91E+02,1.90E+02,2.00E+02,30,288,8
184, 5/14/2019,13:40:00,4,"""14/5/19/a""",4,1.91E+02,1.92E+02,2.01E+02,2.02E+02,2.00E+02,30,296,8
185, 5/14/2019,13:50:00,4,"""14/5/19/a""",4,2.07E+02,1.92E+02,2.03E+02,2.07E+02,2.00E+02,30,304,8
186, 5/14/2019,14:00:00,4,"""14/5/19/a""",4,2.03E+02,1.95E+02,2.10E+02,2.04E+02,2.00E+02,30,312,8
187, 5/14/2019,14:10:00,4,"""14/5/19/a""",4,2.01E+02,2.10E+02,2.04E+02,2.07E+02,2.00E+02,30,320,8
188, 5/14/2019,14:20:00,4,"""14/5/19/a""",4,2.05E+02,2.04E+02,2.07E+02,2.00E+02,2.00E+02,30,328,8
189, 5/14/2019,14:30:00,4,"""14/5/19/a""",4,1.97E+02,2.10E+02,1.90E+02,2.10E+02,2.00E+02,30,336,8
190, 5/14/2019,14:40:00,4,"""14/5/19/a""",4,1.95E+02,1.92E+02,2.03E+02,1.93E+02,2.00E+02,30,344,8
191, 5/14/2019,14:50:00,4,"""14/5/19/a""",4,1.95E+02,1.97E+02,2.02E+02,1.94E+02,2.00E+02,30,352,8
192, 5/14/2019,15:00:00,4,"""14/5/19/a""",4,2.06E+02,1.90E+02,2.04E+02,2.08E+02,2.00E+02,30,360,8
193, 5/14/2019,15:10:00,5,"""14/5/19/b""",4,2.15E+02,2.29E+02,2.28E+02,2.25E+02,2.20E+02,50,0,6
194, 5/14/2019,15:20:00,5,"""14/5/19/b""",4,2.23E+02,2.22E+02,2.18E+02,2.20E+02,2.20E+02,50,6,6
195, 5/14/2019,15:30:00,5,"""14/5/19/b""",4,2.11E+02,2.22E+02,2.10E+02,2.25E+02,2.20E+02,50,12,6
196, 5/14/2019,15:40:00,5,"""14/5/19/b""",4,2.28E+02,2.10E+02,2.24E+02,2.26E+02,2.20E+02,50,18,6
197, 5/14/2019,15:50:00,5,"""14/5/19/b""",4,2.28E+02,2.16E+02,2.18E+02,2.18E+02,2.20E+02,50,24,6
198, 5/14/2019,16:00:00,5,"""14/5/19/b""",4,2.27E+02,2.20E+02,2.27E+02,2.30E+02,2.20E+02,50,30,6
199, 5/14/2019,16:10:00,5,"""14/5/19/b""",4,2.17E+02,2.26E+02,2.22E+02,2.20E+02,2.20E+02,50,36,6
200, 5/14/2019,16:20:00,5,"""14/5/19/b""",4,2.19E+02,2.11E+02,2.30E+02,2.14E+02,2.20E+02,50,42,6
201, 5/14/2019,16:30:00,5,"""14/5/19/b""",4,2.22E+02,2.25E+02,2.23E+02,2.17E+02,2.20E+02,50,48,6
202, 5/14/2019,16:40:00,5,"""14/5/19/b""",4,2.16E+02,2.26E+02,2.26E+02,2.26E+02,2.20E+02,50,54,6
203, 5/14/2019,16:50:00,5,"""14/5/19/b""",4,2.27E+02,2.19E+02,2.10E+02,2.26E+02,2.20E+02,50,60,6
204, 5/14/2019,17:00:00,5,"""14/5/19/b""",4,2.20E+02,2.22E+02,2.25E+02,2.21E+02,2.20E+02,50,66,6
205, 5/14/2019,17:10:00,5,"""14/5/19/b""",4,2.27E+02,2.21E+02,2.19E+02,2.18E+02,2.20E+02,50,72,6
206, 5/14/2019,17:20:00,5,"""14/5/19/b""",4,2.14E+02,2.25E+02,2.17E+02,2.22E+02,2.20E+02,50,78,6
207, 5/14/2019,17:30:00,5,"""14/5/19/b""",4,2.20E+02,2.26E+02,2.18E+02,2.17E+02,2.20E+02,50,84,6
208, 5/14/2019,17:40:00,5,"""14/5/19/b""",4,2.12E+02,2.19E+02,2.19E+02,2.20E+02,2.20E+02,50,90,6
209, 5/14/2019,17:50:00,5,"""14/5/19/b""",4,2.12E+02,2.18E+02,2.18E+02,2.15E+02,2.20E+02,50,96,6
210, 5/14/2019,18:00:00,5,"""14/5/19/b""",4,2.25E+02,2.26E+02,2.21E+02,2.15E+02,2.20E+02,50,102,6
211, 5/14/2019,18:10:00,5,"""14/5/19/b""",4,2.28E+02,2.14E+02,2.11E+02,2.17E+02,2.20E+02,50,108,6
212, 5/14/2019,18:20:00,5,"""14/5/19/b""",4,2.27E+02,2.25E+02,2.22E+02,2.23E+02,2.20E+02,50,114,6
213, 5/14/2019,18:30:00,5,"""14/5/19/b""",4,2.13E+02,2.27E+02,2.13E+02,2.18E+02,2.20E+02,50,120,6
214, 5/14/2019,18:40:00,5,"""14/5/19/b""",4,2.27E+02,2.18E+02,2.16E+02,2.17E+02,2.20E+02,50,126,6
215, 5/14/2019,18:50:00,5,"""14/5/19/b""",4,2.29E+02,2.10E+02,2.19E+02,2.13E+02,2.20E+02,50,132,6
216, 5/14/2019,19:00:00,5,"""14/5/19/b""",4,2.18E+02,2.28E+02,2.12E+02,2.27E+02,2.20E+02,50,138,6
217, 5/14/2019,19:10:00,5,"""14/5/19/b""",4,2.21E+02,2.28E+02,2.11E+02,2.17E+02,2.20E+02,50,144,6
218, 5/14/2019,19:20:00,5,"""14/5/19/b""",4,2.10E+02,2.29E+02,2.20E+02,2.25E+02,2.20E+02,50,150,6
219, 5/14/2019,19:30:00,5,"""14/5/19/b""",4,2.30E+02,2.27E+02,2.21E+02,2.16E+02,2.20E+02,50,156,6
220, 5/14/2019,19:40:00,5,"""14/5/19/b""",4,2.30E+02,2.24E+02,2.11E+02,2.14E+02,2.20E+02,50,162,6
221, 5/14/2019,19:50:00,5,"""14/5/19/b""",4,2.23E+02,2.26E+02,2.21E+02,2.25E+02,2.20E+02,50,168,6
222, 5/14/2019,20:00:00,5,"""14/5/19/b""",4,2.25E+02,2.30E+02,2.17E+02,2.14E+02,2.20E+02,50,174,6
223, 5/14/2019,20:10:00,5,"""14/5/19/b""",4,2.28E+02,2.18E+02,2.18E+02,2.15E+02,2.20E+02,50,180,6
224, 5/14/2019,20:20:00,5,"""14/5/19/b""",4,2.15E+02,2.14E+02,2.19E+02,2.27E+02,2.20E+02,50,186,6
225, 5/14/2019,20:30:00,5,"""14/5/19/b""",4,2.24E+02,2.17E+02,2.13E+02,2.20E+02,2.20E+02,50,192,6
226, 5/14/2019,20:40:00,5,"""14/5/19/b""",4,2.18E+02,2.19E+02,2.22E+02,2.16E+02,2.20E+02,50,198,6
227, 5/14/2019,20:50:00,5,"""14/5/19/b""",4,2.14E+02,2.22E+02,2.12E+02,2.24E+02,2.20E+02,50,204,6
228, 5/14/2019,21:00:00,5,"""14/5/19/b""",4,2.30E+02,2.26E+02,2.30E+02,2.15E+02,2.20E+02,50,210,6
229, 5/14/2019,21:10:00,5,"""14/5/19/b""",4,2.21E+02,2.22E+02,2.29E+02,2.25E+02,2.20E+02,50,216,6
230, 5/14/2019,21:20:00,5,"""14/5/19/b""",4,2.16E+02,2.16E+02,2.27E+02,2.13E+02,2.20E+02,50,222,6
231, 5/14/2019,21:30:00,5,"""14/5/19/b""",4,2.18E+02,2.19E+02,2.26E+02,2.21E+02,2.20E+02,50,228,6
232, 5/14/2019,21:40:00,5,"""14/5/19/b""",4,2.16E+02,2.17E+02,2.16E+02,2.14E+02,2.20E+02,50,234,6
233, 5/14/2019,21:50:00,5,"""14/5/19/b""",4,2.23E+02,2.24E+02,2.12E+02,2.14E+02,2.20E+02,50,240,6
234, 5/14/2019,22:00:00,5,"""14/5/19/b""",4,2.14E+02,2.15E+02,2.13E+02,2.21E+02,2.20E+02,50,246,6
235, 5/14/2019,22:10:00,5,"""14/5/19/b""",4,2.12E+02,2.13E+02,2.29E+02,2.15E+02,2.20E+02,50,252,6
236, 5/14/2019,22:20:00,5,"""14/5/19/b""",4,2.21E+02,2.24E+02,2.13E+02,2.25E+02,2.20E+02,50,258,6
237, 5/14/2019,22:30:00,5,"""14/5/19/b""",4,2.25E+02,2.18E+02,2.10E+02,2.15E+02,2.20E+02,50,264,6
238, 5/14/2019,22:40:00,5,"""14/5/19/b""",4,2.15E+02,2.16E+02,2.26E+02,2.21E+02,2.20E+02,50,270,6
239, 5/14/2019,22:50:00,5,"""14/5/19/b""",4,2.20E+02,2.20E+02,2.21E+02,2.27E+02,2.20E+02,50,276,6
240, 5/14/2019,23:00:00,5,"""14/5/19/b""",4,2.18E+02,2.10E+02,2.26E+02,2.24E+02,2.20E+02,50,282,6
241, 5/14/2019,23:10:00,6,"""14/5/19/c""",4,1.89E+02,1.76E+02,1.72E+02,1.74E+02,1.80E+02,90,0,2
242, 5/14/2019,23:20:00,6,"""14/5/19/c""",4,1.87E+02,1.77E+02,1.82E+02,1.76E+02,1.80E+02,90,2,2
243, 5/14/2019,23:30:00,6,"""14/5/19/c""",4,1.71E+02,1.83E+02,1.81E+02,1.74E+02,1.80E+02,90,4,2
244, 5/14/2019,23:40:00,6,"""14/5/19/c""",4,1.75E+02,1.90E+02,1.76E+02,1.78E+02,1.80E+02,90,6,2
245, 5/14/2019,23:50:00,6,"""14/5/19/c""",4,1.78E+02,1.72E+02,1.75E+02,1.84E+02,1.80E+02,90,8,2
246, 5/14/2019,00:00:00,6,"""14/5/19/c""",4,1.80E+02,1.81E+02,1.86E+02,1.73E+02,1.80E+02,90,10,2
247, 5/14/2019,00:10:00,6,"""14/5/19/c""",4,1.79E+02,1.88E+02,1.73E+02,1.84E+02,1.80E+02,90,12,2
248, 5/14/2019,00:20:00,6,"""14/5/19/c""",4,1.83E+02,1.74E+02,1.82E+02,1.84E+02,1.80E+02,90,14,2
249, 5/14/2019,00:30:00,6,"""14/5/19/c""",4,1.87E+02,1.73E+02,1.82E+02,1.73E+02,1.80E+02,90,16,2
250, 5/14/2019,00:40:00,6,"""14/5/19/c""",4,1.87E+02,1.84E+02,1.82E+02,1.85E+02,1.80E+02,90,18,2
251, 5/14/2019,00:50:00,6,"""14/5/19/c""",4,1.76E+02,1.82E+02,1.83E+02,1.82E+02,1.80E+02,90,20,2
252, 5/14/2019,01:00:00,6,"""14/5/19/c""",4,1.90E+02,1.71E+02,1.73E+02,1.76E+02,1.80E+02,90,22,2
253, 5/14/2019,01:10:00,6,"""14/5/19/c""",4,1.78E+02,1.90E+02,1.75E+02,1.76E+02,1.80E+02,90,24,2
254, 5/14/2019,01:20:00,6,"""14/5/19/c""",4,1.80E+02,1.86E+02,1.89E+02,1.75E+02,1.80E+02,90,26,2
255, 5/14/2019,01:30:00,6,"""14/5/19/c""",4,1.72E+02,1.88E+02,1.83E+02,1.87E+02,1.80E+02,90,28,2
256, 5/14/2019,01:40:00,6,"""14/5/19/c""",4,1.89E+02,1.86E+02,1.80E+02,1.74E+02,1.80E+02,90,30,2
257, 5/14/2019,01:50:00,6,"""14/5/19/c""",4,1.76E+02,1.77E+02,1.83E+02,1.86E+02,1.80E+02,90,32,2
258, 5/14/2019,02:00:00,6,"""14/5/19/c""",4,1.81E+02,1.77E+02,1.72E+02,1.76E+02,1.80E+02,90,34,2
259, 5/14/2019,02:10:00,6,"""14/5/19/c""",4,1.72E+02,1.82E+02,1.73E+02,1.81E+02,1.80E+02,90,36,2
260, 5/14/2019,02:20:00,6,"""14/5/19/c""",4,1.80E+02,1.82E+02,1.82E+02,1.73E+02,1.80E+02,90,38,2
261, 5/14/2019,02:30:00,6,"""14/5/19/c""",4,1.86E+02,1.85E+02,1.79E+02,1.73E+02,1.80E+02,90,40,2
262, 5/14/2019,02:40:00,6,"""14/5/19/c""",4,1.82E+02,1.70E+02,1.87E+02,1.86E+02,1.80E+02,90,42,2
263, 5/14/2019,02:50:00,6,"""14/5/19/c""",4,1.79E+02,1.72E+02,1.74E+02,1.75E+02,1.80E+02,90,44,2
264, 5/14/2019,03:00:00,6,"""14/5/19/c""",4,1.72E+02,1.76E+02,1.84E+02,1.77E+02,1.80E+02,90,46,2
265, 5/14/2019,03:10:00,6,"""14/5/19/c""",4,1.87E+02,1.81E+02,1.79E+02,1.88E+02,1.80E+02,90,48,2
266, 5/14/2019,03:20:00,6,"""14/5/19/c""",4,1.83E+02,1.85E+02,1.75E+02,1.78E+02,1.80E+02,90,50,2
267, 5/14/2019,03:30:00,6,"""14/5/19/c""",4,1.80E+02,1.71E+02,1.75E+02,1.80E+02,1.80E+02,90,52,2
268, 5/14/2019,03:40:00,6,"""14/5/19/c""",4,1.71E+02,1.75E+02,1.79E+02,1.75E+02,1.80E+02,90,54,2
269, 5/14/2019,03:50:00,6,"""14/5/19/c""",4,1.78E+02,1.76E+02,1.79E+02,1.72E+02,1.80E+02,90,56,2
270, 5/14/2019,04:00:00,6,"""14/5/19/c""",4,1.83E+02,1.81E+02,1.82E+02,1.79E+02,1.80E+02,90,58,2
271, 5/14/2019,04:10:00,6,"""14/5/19/c""",4,1.89E+02,1.80E+02,1.82E+02,1.87E+02,1.80E+02,90,60,2
272, 5/14/2019,04:20:00,6,"""14/5/19/c""",4,1.77E+02,1.79E+02,1.81E+02,1.80E+02,1.80E+02,90,62,2
273, 5/14/2019,04:30:00,6,"""14/5/19/c""",4,1.84E+02,1.75E+02,1.79E+02,1.78E+02,1.80E+02,90,64,2
274, 5/14/2019,04:40:00,6,"""14/5/19/c""",4,1.73E+02,1.74E+02,1.74E+02,1.83E+02,1.80E+02,90,66,2
275, 5/14/2019,04:50:00,6,"""14/5/19/c""",4,1.78E+02,1.85E+02,1.89E+02,1.85E+02,1.80E+02,90,68,2
276, 5/14/2019,05:00:00,6,"""14/5/19/c""",4,1.72E+02,1.76E+02,1.80E+02,1.75E+02,1.80E+02,90,70,2
277, 5/14/2019,05:10:00,6,"""14/5/19/c""",4,1.80E+02,1.73E+02,1.76E+02,1.73E+02,1.80E+02,90,72,2
278, 5/14/2019,05:20:00,6,"""14/5/19/c""",4,1.90E+02,1.85E+02,1.80E+02,1.75E+02,1.80E+02,90,74,2
279, 5/14/2019,05:30:00,6,"""14/5/19/c""",4,1.78E+02,1.82E+02,1.81E+02,1.82E+02,1.80E+02,90,76,2
280, 5/14/2019,05:40:00,6,"""14/5/19/c""",4,1.77E+02,1.76E+02,1.88E+02,1.72E+02,1.80E+02,90,78,2
281, 5/14/2019,05:50:00,6,"""14/5/19/c""",4,1.77E+02,1.83E+02,1.72E+02,1.75E+02,1.80E+02,90,80,2
282, 5/14/2019,06:00:00,6,"""14/5/19/c""",4,1.90E+02,1.85E+02,1.77E+02,1.86E+02,1.80E+02,90,82,2
283, 5/14/2019,06:10:00,6,"""14/5/19/c""",4,1.71E+02,1.72E+02,1.78E+02,1.76E+02,1.80E+02,90,84,2
284, 5/14/2019,06:20:00,6,"""14/5/19/c""",4,1.80E+02,1.71E+02,1.80E+02,1.88E+02,1.80E+02,90,86,2
285, 5/14/2019,06:30:00,6,"""14/5/19/c""",4,1.78E+02,1.70E+02,1.83E+02,1.78E+02,1.80E+02,90,88,2
286, 5/14/2019,06:40:00,6,"""14/5/19/c""",4,1.89E+02,1.88E+02,1.90E+02,1.78E+02,1.80E+02,90,90,2
287, 5/14/2019,06:50:00,6,"""14/5/19/c""",4,1.78E+02,1.71E+02,1.89E+02,1.73E+02,1.80E+02,90,92,2
288, 5/14/2019,07:00:00,6,"""14/5/19/c""",4,1.82E+02,1.76E+02,1.84E+02,1.71E+02,1.80E+02,90,94,2
289, 5/14/2019,07:10:00,4,"""14/5/19/a""",2,2.10E+02,1.95E+02,2.00E+02,2.07E+02,2.00E+02,30,0,8
290, 5/14/2019,07:20:00,4,"""14/5/19/a""",3,2.02E+02,1.92E+02,1.97E+02,2.04E+02,2.00E+02,30,0,8
291, 5/14/2019,07:30:00,4,"""14/5/19/a""",4,2.01E+02,2.05E+02,1.92E+02,1.96E+02,2.00E+02,30,0,8
292, 5/14/2019,07:40:00,4,"""14/5/19/a""",4,2.01E+02,1.93E+02,1.97E+02,2.03E+02,2.00E+02,30,8,8
293, 5/14/2019,07:50:00,4,"""14/5/19/a""",4,1.97E+02,1.96E+02,2.10E+02,1.93E+02,2.00E+02,30,16,8
294, 5/14/2019,08:00:00,4,"""14/5/19/a""",4,2.01E+02,1.94E+02,2.04E+02,2.02E+02,2.00E+02,30,24,8
295, 5/14/2019,08:10:00,4,"""14/5/19/a""",4,1.98E+02,1.92E+02,2.00E+02,1.94E+02,2.00E+02,30,32,8
296, 5/14/2019,08:20:00,4,"""14/5/19/a""",4,2.08E+02,2.07E+02,2.00E+02,2.09E+02,2.00E+02,30,40,8
297, 5/14/2019,08:30:00,4,"""14/5/19/a""",4,1.95E+02,1.98E+02,2.09E+02,1.99E+02,2.00E+02,30,48,8
298, 5/14/2019,08:40:00,4,"""14/5/19/a""",4,2.10E+02,2.10E+02,1.92E+02,1.90E+02,2.00E+02,30,56,8
299, 5/14/2019,08:50:00,4,"""14/5/19/a""",4,2.10E+02,2.04E+02,1.96E+02,1.98E+02,2.00E+02,30,64,8
300, 5/14/2019,09:00:00,4,"""14/5/19/a""",4,1.97E+02,2.01E+02,2.10E+02,2.01E+02,2.00E+02,30,72,8
301, 5/14/2019,09:10:00,4,"""14/5/19/a""",4,1.99E+02,1.97E+02,1.99E+02,2.08E+02,2.00E+02,30,80,8
302, 5/14/2019,09:20:00,4,"""14/5/19/a""",4,2.07E+02,2.08E+02,1.97E+02,1.96E+02,2.00E+02,30,88,8
303, 5/14/2019,09:30:00,4,"""14/5/19/a""",4,2.05E+02,1.94E+02,2.00E+02,1.96E+02,2.00E+02,30,96,8
304, 5/14/2019,09:40:00,4,"""14/5/19/a""",4,2.10E+02,1.94E+02,1.90E+02,1.97E+02,2.00E+02,30,104,8
305, 5/14/2019,09:50:00,4,"""14/5/19/a""",4,2.08E+02,2.01E+02,1.93E+02,1.98E+02,2.00E+02,30,112,8
306, 5/14/2019,10:00:00,4,"""14/5/19/a""",4,2.02E+02,1.92E+02,2.10E+02,2.00E+02,2.00E+02,30,120,8
307, 5/14/2019,10:10:00,4,"""14/5/19/a""",4,2.05E+02,1.97E+02,1.99E+02,2.01E+02,2.00E+02,30,128,8
308, 5/14/2019,10:20:00,4,"""14/5/19/a""",4,2.10E+02,1.94E+02,1.99E+02,1.97E+02,2.00E+02,30,136,8
309, 5/14/2019,10:30:00,4,"""14/5/19/a""",4,2.07E+02,1.95E+02,2.08E+02,1.92E+02,2.00E+02,30,144,8
310, 5/14/2019,10:40:00,4,"""14/5/19/a""",4,2.07E+02,2.01E+02,2.05E+02,1.94E+02,2.00E+02,30,152,8
311, 5/14/2019,10:50:00,4,"""14/5/19/a""",4,1.94E+02,2.09E+02,1.93E+02,1.91E+02,2.00E+02,30,160,8
312, 5/14/2019,11:00:00,4,"""14/5/19/a""",4,1.90E+02,1.91E+02,1.93E+02,2.02E+02,2.00E+02,30,168,8
313, 5/14/2019,11:10:00,4,"""14/5/19/a""",4,2.04E+02,2.02E+02,2.09E+02,2.07E+02,2.00E+02,30,176,8
314, 5/14/2019,11:20:00,4,"""14/5/19/a""",4,2.10E+02,1.91E+02,2.03E+02,2.00E+02,2.00E+02,30,184,8
315, 5/14/2019,11:30:00,4,"""14/5/19/a""",4,2.05E+02,1.91E+02,1.96E+02,1.96E+02,2.00E+02,30,192,8
316, 5/14/2019,11:40:00,4,"""14/5/19/a""",4,2.06E+02,2.07E+02,1.93E+02,1.94E+02,2.00E+02,30,200,8
317, 5/14/2019,11:50:00,4,"""14/5/19/a""",4,1.97E+02,2.00E+02,2.09E+02,2.00E+02,2.00E+02,30,208,8
318, 5/14/2019,12:00:00,4,"""14/5/19/a""",4,2.03E+02,1.96E+02,1.99E+02,2.01E+02,2.00E+02,30,216,8
319, 5/14/2019,12:10:00,4,"""14/5/19/a""",4,2.05E+02,2.03E+02,2.03E+02,2.08E+02,2.00E+02,30,224,8
320, 5/14/2019,12:20:00,4,"""14/5/19/a""",4,2.08E+02,2.08E+02,1.95E+02,1.94E+02,2.00E+02,30,232,8
321, 5/14/2019,12:30:00,4,"""14/5/19/a""",4,2.08E+02,1.90E+02,2.03E+02,1.97E+02,2.00E+02,30,240,8
322, 5/14/2019,12:40:00,4,"""14/5/19/a""",4,1.91E+02,1.91E+02,2.04E+02,2.05E+02,2.00E+02,30,248,8
323, 5/14/2019,12:50:00,4,"""14/5/19/a""",4,2.00E+02,2.00E+02,1.96E+02,2.10E+02,2.00E+02,30,256,8
324, 5/14/2019,13:00:00,4,"""14/5/19/a""",4,2.02E+02,2.07E+02,1.93E+02,1.90E+02,2.00E+02,30,264,8
325, 5/14/2019,13:10:00,4,"""14/5/19/a""",4,1.98E+02,1.92E+02,2.04E+02,2.10E+02,2.00E+02,30,272,8
326, 5/14/2019,13:20:00,4,"""14/5/19/a""",4,2.03E+02,2.09E+02,1.99E+02,2.03E+02,2.00E+02,30,280,8
327, 5/14/2019,13:30:00,4,"""14/5/19/a""",4,2.01E+02,1.90E+02,1.92E+02,1.96E+02,2.00E+02,30,288,8
328, 5/14/2019,13:40:00,4,"""14/5/19/a""",4,2.02E+02,2.04E+02,1.93E+02,2.01E+02,2.00E+02,30,296,8
329, 5/14/2019,13:50:00,4,"""14/5/19/a""",4,2.05E+02,2.04E+02,2.08E+02,2.02E+02,2.00E+02,30,304,8
330, 5/14/2019,14:00:00,4,"""14/5/19/a""",4,2.08E+02,1.93E+02,1.99E+02,2.04E+02,2.00E+02,30,312,8
331, 5/14/2019,14:10:00,4,"""14/5/19/a""",4,1.99E+02,2.03E+02,2.03E+02,1.98E+02,2.00E+02,30,320,8
332, 5/14/2019,14:20:00,4,"""14/5/19/a""",4,2.08E+02,2.07E+02,2.00E+02,2.06E+02,2.00E+02,30,328,8
333, 5/14/2019,14:30:00,4,"""14/5/19/a""",4,2.03E+02,1.93E+02,1.98E+02,1.92E+02,2.00E+02,30,336,8
334, 5/14/2019,14:40:00,4,"""14/5/19/a""",4,1.93E+02,2.06E+02,1.91E+02,2.01E+02,2.00E+02,30,344,8
335, 5/14/2019,14:50:00,4,"""14/5/19/a""",4,1.93E+02,1.97E+02,2.10E+02,1.92E+02,2.00E+02,30,352,8
336, 5/14/2019,15:00:00,4,"""14/5/19/a""",4,1.96E+02,2.10E+02,1.94E+02,2.09E+02,2.00E+02,30,360,8
337, 5/14/2019,15:10:00,4,"""14/5/19/b""",4,2.20E+02,2.24E+02,2.19E+02,2.27E+02,2.20E+02,50,0,6
338, 5/14/2019,15:20:00,4,"""14/5/19/b""",4,2.30E+02,2.28E+02,2.21E+02,2.27E+02,2.20E+02,50,6,6
339, 5/14/2019,15:30:00,4,"""14/5/19/b""",4,2.14E+02,2.21E+02,2.18E+02,2.20E+02,2.20E+02,50,12,6
340, 5/14/2019,15:40:00,4,"""14/5/19/b""",4,2.14E+02,2.27E+02,2.10E+02,2.17E+02,2.20E+02,50,18,6
341, 5/14/2019,15:50:00,4,"""14/5/19/b""",4,2.17E+02,2.26E+02,2.25E+02,2.14E+02,2.20E+02,50,24,6
342, 5/14/2019,16:00:00,4,"""14/5/19/b""",4,2.22E+02,2.30E+02,2.14E+02,2.13E+02,2.20E+02,50,30,6
343, 5/14/2019,16:10:00,4,"""14/5/19/b""",4,2.29E+02,2.13E+02,2.18E+02,2.29E+02,2.20E+02,50,36,6
344, 5/14/2019,16:20:00,4,"""14/5/19/b""",4,2.12E+02,2.20E+02,2.26E+02,2.29E+02,2.20E+02,50,42,6
345, 5/14/2019,16:30:00,4,"""14/5/19/b""",4,2.22E+02,2.29E+02,2.19E+02,2.25E+02,2.20E+02,50,48,6
346, 5/14/2019,16:40:00,4,"""14/5/19/b""",4,2.23E+02,2.17E+02,2.11E+02,2.12E+02,2.20E+02,50,54,6
347, 5/14/2019,16:50:00,4,"""14/5/19/b""",4,2.30E+02,2.21E+02,2.20E+02,2.10E+02,2.20E+02,50,60,6
348, 5/14/2019,17:00:00,4,"""14/5/19/b""",4,2.25E+02,2.27E+02,2.28E+02,2.23E+02,2.20E+02,50,66,6
349, 5/14/2019,17:10:00,4,"""14/5/19/b""",4,2.18E+02,2.24E+02,2.12E+02,2.21E+02,2.20E+02,50,72,6
350, 5/14/2019,17:20:00,4,"""14/5/19/b""",4,2.26E+02,2.26E+02,2.21E+02,2.23E+02,2.20E+02,50,78,6
351, 5/14/2019,17:30:00,4,"""14/5/19/b""",4,2.22E+02,2.21E+02,2.17E+02,2.21E+02,2.20E+02,50,84,6
352, 5/14/2019,17:40:00,4,"""14/5/19/b""",4,2.28E+02,2.19E+02,2.27E+02,2.20E+02,2.20E+02,50,90,6
353, 5/14/2019,17:50:00,4,"""14/5/19/b""",4,2.13E+02,2.16E+02,2.22E+02,2.23E+02,2.20E+02,50,96,6
354, 5/14/2019,18:00:00,4,"""14/5/19/b""",4,2.17E+02,2.29E+02,2.25E+02,2.25E+02,2.20E+02,50,102,6
355, 5/14/2019,18:10:00,4,"""14/5/19/b""",4,2.16E+02,2.21E+02,2.17E+02,2.19E+02,2.20E+02,50,108,6
356, 5/14/2019,18:20:00,4,"""14/5/19/b""",4,2.24E+02,2.26E+02,2.24E+02,2.17E+02,2.20E+02,50,114,6
357, 5/14/2019,18:30:00,4,"""14/5/19/b""",4,2.10E+02,2.21E+02,2.28E+02,2.29E+02,2.20E+02,50,120,6
358, 5/14/2019,18:40:00,4,"""14/5/19/b""",4,2.14E+02,2.29E+02,2.23E+02,2.11E+02,2.20E+02,50,126,6
359, 5/14/2019,18:50:00,4,"""14/5/19/b""",4,2.13E+02,2.19E+02,2.24E+02,2.17E+02,2.20E+02,50,132,6
360, 5/14/2019,19:00:00,4,"""14/5/19/b""",4,2.21E+02,2.14E+02,2.14E+02,2.12E+02,2.20E+02,50,138,6
361, 5/14/2019,19:10:00,4,"""14/5/19/b""",4,2.29E+02,2.25E+02,2.15E+02,2.15E+02,2.20E+02,50,144,6
362, 5/14/2019,19:20:00,4,"""14/5/19/b""",4,2.16E+02,2.23E+02,2.11E+02,2.12E+02,2.20E+02,50,150,6
363, 5/14/2019,19:30:00,4,"""14/5/19/b""",4,2.23E+02,2.24E+02,2.24E+02,2.13E+02,2.20E+02,50,156,6
364, 5/14/2019,19:40:00,4,"""14/5/19/b""",4,2.23E+02,2.30E+02,2.21E+02,2.28E+02,2.20E+02,50,162,6
365, 5/14/2019,19:50:00,4,"""14/5/19/b""",4,2.17E+02,2.30E+02,2.12E+02,2.12E+02,2.20E+02,50,168,6
366, 5/14/2019,20:00:00,4,"""14/5/19/b""",4,2.26E+02,2.26E+02,2.29E+02,2.26E+02,2.20E+02,50,174,6
367, 5/14/2019,20:10:00,4,"""14/5/19/b""",4,2.27E+02,2.16E+02,2.25E+02,2.29E+02,2.20E+02,50,180,6
368, 5/14/2019,20:20:00,4,"""14/5/19/b""",4,2.11E+02,2.29E+02,2.24E+02,2.22E+02,2.20E+02,50,186,6
369, 5/14/2019,20:30:00,4,"""14/5/19/b""",4,2.21E+02,2.22E+02,2.11E+02,2.28E+02,2.20E+02,50,192,6
370, 5/14/2019,20:40:00,4,"""14/5/19/b""",4,2.12E+02,2.17E+02,2.25E+02,2.22E+02,2.20E+02,50,198,6
371, 5/14/2019,20:50:00,4,"""14/5/19/b""",4,2.10E+02,2.25E+02,2.29E+02,2.30E+02,2.20E+02,50,204,6
372, 5/14/2019,21:00:00,4,"""14/5/19/b""",4,2.21E+02,2.25E+02,2.17E+02,2.18E+02,2.20E+02,50,210,6
373, 5/14/2019,21:10:00,4,"""14/5/19/b""",4,2.10E+02,2.23E+02,2.11E+02,2.21E+02,2.20E+02,50,216,6
374, 5/14/2019,21:20:00,4,"""14/5/19/b""",4,2.20E+02,2.23E+02,2.18E+02,2.13E+02,2.20E+02,50,222,6
375, 5/14/2019,21:30:00,4,"""14/5/19/b""",4,2.27E+02,2.21E+02,2.14E+02,2.30E+02,2.20E+02,50,228,6
376, 5/14/2019,21:40:00,4,"""14/5/19/b""",4,2.27E+02,2.20E+02,2.29E+02,2.20E+02,2.20E+02,50,234,6
377, 5/14/2019,21:50:00,4,"""14/5/19/b""",4,2.13E+02,2.21E+02,2.19E+02,2.21E+02,2.20E+02,50,240,6
378, 5/14/2019,22:00:00,4,"""14/5/19/b""",4,2.15E+02,2.29E+02,2.28E+02,2.15E+02,2.20E+02,50,246,6
379, 5/14/2019,22:10:00,4,"""14/5/19/b""",4,2.29E+02,2.27E+02,2.14E+02,2.29E+02,2.20E+02,50,252,6
380, 5/14/2019,22:20:00,4,"""14/5/19/b""",4,2.12E+02,2.25E+02,2.11E+02,2.14E+02,2.20E+02,50,258,6
381, 5/14/2019,22:30:00,4,"""14/5/19/b""",4,2.30E+02,2.17E+02,2.13E+02,2.11E+02,2.20E+02,50,264,6
382, 5/14/2019,22:40:00,4,"""14/5/19/b""",4,2.19E+02,2.20E+02,2.16E+02,2.24E+02,2.20E+02,50,270,6
383, 5/14/2019,22:50:00,4,"""14/5/19/b""",4,2.19E+02,2.10E+02,2.20E+02,2.15E+02,2.20E+02,50,276,6
384, 5/14/2019,23:00:00,4,"""14/5/19/b""",4,2.14E+02,2.13E+02,2.10E+02,2.21E+02,2.20E+02,50,282,6
385, 5/14/2019,23:10:00,4,"""14/5/19/c""",4,1.81E+02,1.81E+02,1.72E+02,1.79E+02,1.80E+02,90,0,2
386, 5/14/2019,23:20:00,4,"""14/5/19/c""",4,1.75E+02,1.74E+02,1.88E+02,1.73E+02,1.80E+02,90,2,2
387, 5/14/2019,23:30:00,4,"""14/5/19/c""",4,1.76E+02,1.90E+02,1.79E+02,1.85E+02,1.80E+02,90,4,2
388, 5/14/2019,23:40:00,4,"""14/5/19/c""",4,1.71E+02,1.80E+02,1.76E+02,1.77E+02,1.80E+02,90,6,2
389, 5/14/2019,23:50:00,4,"""14/5/19/c""",4,1.88E+02,1.89E+02,1.84E+02,1.85E+02,1.80E+02,90,8,2
390, 5/15/2019,00:00:00,4,"""14/5/19/c""",4,1.83E+02,1.90E+02,1.73E+02,1.87E+02,1.80E+02,90,10,2
391, 5/15/2019,00:10:00,4,"""14/5/19/c""",4,1.90E+02,1.82E+02,1.87E+02,1.81E+02,1.80E+02,90,12,2
392, 5/15/2019,00:20:00,4,"""14/5/19/c""",4,1.77E+02,1.75E+02,1.77E+02,1.78E+02,1.80E+02,90,14,2
393, 5/15/2019,00:30:00,4,"""14/5/19/c""",4,1.76E+02,1.83E+02,1.89E+02,1.81E+02,1.80E+02,90,16,2
394, 5/15/2019,00:40:00,4,"""14/5/19/c""",4,1.78E+02,1.75E+02,1.78E+02,1.74E+02,1.80E+02,90,18,2
395, 5/15/2019,00:50:00,4,"""14/5/19/c""",4,1.89E+02,1.74E+02,1.90E+02,1.84E+02,1.80E+02,90,20,2
396, 5/15/2019,01:00:00,4,"""14/5/19/c""",4,1.70E+02,1.85E+02,1.87E+02,1.77E+02,1.80E+02,90,22,2
397, 5/15/2019,01:10:00,4,"""14/5/19/c""",4,1.71E+02,1.73E+02,1.80E+02,1.78E+02,1.80E+02,90,24,2
398, 5/15/2019,01:20:00,4,"""14/5/19/c""",4,1.86E+02,1.86E+02,1.89E+02,1.90E+02,1.80E+02,90,26,2
399, 5/15/2019,01:30:00,4,"""14/5/19/c""",4,1.78E+02,1.76E+02,1.85E+02,1.71E+02,1.80E+02,90,28,2
400, 5/15/2019,01:40:00,4,"""14/5/19/c""",4,1.82E+02,1.87E+02,1.83E+02,1.77E+02,1.80E+02,90,30,2
401, 5/15/2019,01:50:00,4,"""14/5/19/c""",4,1.85E+02,1.79E+02,1.79E+02,1.84E+02,1.80E+02,90,32,2
402, 5/15/2019,02:00:00,4,"""14/5/19/c""",4,1.88E+02,1.86E+02,1.81E+02,1.84E+02,1.80E+02,90,34,2
403, 5/15/2019,02:10:00,4,"""14/5/19/c""",4,1.84E+02,1.70E+02,1.87E+02,1.76E+02,1.80E+02,90,36,2
404, 5/15/2019,02:20:00,4,"""14/5/19/c""",4,1.73E+02,1.80E+02,1.89E+02,1.73E+02,1.80E+02,90,38,2
405, 5/15/2019,02:30:00,4,"""14/5/19/c""",4,1.82E+02,1.79E+02,1.79E+02,1.87E+02,1.80E+02,90,40,2
406, 5/15/2019,02:40:00,4,"""14/5/19/c""",4,1.78E+02,1.76E+02,1.82E+02,1.70E+02,1.80E+02,90,42,2
407, 5/15/2019,02:50:00,4,"""14/5/19/c""",4,1.71E+02,1.71E+02,1.83E+02,1.77E+02,1.80E+02,90,44,2
408, 5/15/2019,03:00:00,4,"""14/5/19/c""",4,1.78E+02,1.86E+02,1.77E+02,1.82E+02,1.80E+02,90,46,2
409, 5/15/2019,03:10:00,4,"""14/5/19/c""",4,1.76E+02,1.80E+02,1.80E+02,1.75E+02,1.80E+02,90,48,2
410, 5/15/2019,03:20:00,4,"""14/5/19/c""",4,1.73E+02,1.78E+02,1.86E+02,1.72E+02,1.80E+02,90,50,2
411, 5/15/2019,03:30:00,4,"""14/5/19/c""",4,1.71E+02,1.88E+02,1.86E+02,1.79E+02,1.80E+02,90,52,2
412, 5/15/2019,03:40:00,4,"""14/5/19/c""",4,1.89E+02,1.85E+02,1.86E+02,1.74E+02,1.80E+02,90,54,2
413, 5/15/2019,03:50:00,4,"""14/5/19/c""",4,1.71E+02,1.86E+02,1.81E+02,1.80E+02,1.80E+02,90,56,2
414, 5/15/2019,04:00:00,4,"""14/5/19/c""",4,1.76E+02,1.81E+02,1.90E+02,1.90E+02,1.80E+02,90,58,2
415, 5/15/2019,04:10:00,4,"""14/5/19/c""",4,1.74E+02,1.81E+02,1.79E+02,1.73E+02,1.80E+02,90,60,2
416, 5/15/2019,04:20:00,4,"""14/5/19/c""",4,1.80E+02,1.80E+02,1.81E+02,1.85E+02,1.80E+02,90,62,2
417, 5/15/2019,04:30:00,4,"""14/5/19/c""",4,1.70E+02,1.78E+02,1.80E+02,1.77E+02,1.80E+02,90,64,2
418, 5/15/2019,04:40:00,4,"""14/5/19/c""",4,1.86E+02,1.74E+02,1.90E+02,1.75E+02,1.80E+02,90,66,2
419, 5/15/2019,04:50:00,4,"""14/5/19/c""",4,1.74E+02,1.89E+02,1.90E+02,1.81E+02,1.80E+02,90,68,2
420, 5/15/2019,05:00:00,4,"""14/5/19/c""",4,1.86E+02,1.74E+02,1.77E+02,1.73E+02,1.80E+02,90,70,2
421, 5/15/2019,05:10:00,4,"""14/5/19/c""",4,1.71E+02,1.77E+02,1.87E+02,1.83E+02,1.80E+02,90,72,2
422, 5/15/2019,05:20:00,4,"""14/5/19/c""",4,1.71E+02,1.85E+02,1.80E+02,1.80E+02,1.80E+02,90,74,2
423, 5/15/2019,05:30:00,4,"""14/5/19/c""",4,1.89E+02,1.70E+02,1.70E+02,1.79E+02,1.80E+02,90,76,2
424, 5/15/2019,05:40:00,4,"""14/5/19/c""",4,1.76E+02,1.90E+02,1.78E+02,1.78E+02,1.80E+02,90,78,2
425, 5/15/2019,05:50:00,4,"""14/5/19/c""",4,1.82E+02,1.89E+02,1.82E+02,1.72E+02,1.80E+02,90,80,2
426, 5/15/2019,06:00:00,4,"""14/5/19/c""",4,1.88E+02,1.79E+02,1.76E+02,1.88E+02,1.80E+02,90,82,2
427, 5/15/2019,06:10:00,4,"""14/5/19/c""",4,1.71E+02,1.90E+02,1.88E+02,1.75E+02,1.80E+02,90,84,2
428, 5/15/2019,06:20:00,4,"""14/5/19/c""",4,1.89E+02,1.85E+02,1.75E+02,1.80E+02,1.80E+02,90,86,2
429, 5/15/2019,06:30:00,4,"""14/5/19/c""",4,1.71E+02,1.72E+02,1.84E+02,1.78E+02,1.80E+02,90,88,2
430, 5/15/2019,06:40:00,4,"""14/5/19/c""",4,1.81E+02,1.78E+02,1.74E+02,1.80E+02,1.80E+02,90,90,2
431, 5/15/2019,06:50:00,4,"""14/5/19/c""",4,1.70E+02,1.77E+02,1.77E+02,1.84E+02,1.80E+02,90,92,2
432, 5/15/2019,07:00:00,4,"""14/5/19/c""",4,1.70E+02,1.87E+02,1.74E+02,1.83E+02,1.80E+02,90,94,2
433, 5/15/2019,07:10:00,4,"""14/5/19/a""",2,1.91E+02,2.02E+02,2.00E+02,1.96E+02,2.00E+02,30,0,8
434, 5/15/2019,07:20:00,4,"""14/5/19/a""",3,2.08E+02,2.03E+02,1.96E+02,1.91E+02,2.00E+02,30,0,8
435, 5/15/2019,07:30:00,4,"""14/5/19/a""",4,2.04E+02,2.03E+02,1.91E+02,2.01E+02,2.00E+02,30,0,8
436, 5/15/2019,07:40:00,4,"""14/5/19/a""",4,2.02E+02,1.91E+02,1.97E+02,2.03E+02,2.00E+02,30,8,8
437, 5/15/2019,07:50:00,4,"""14/5/19/a""",4,1.96E+02,1.95E+02,2.02E+02,2.08E+02,2.00E+02,30,16,8
438, 5/15/2019,08:00:00,4,"""14/5/19/a""",4,2.06E+02,2.00E+02,1.94E+02,2.03E+02,2.00E+02,30,24,8
439, 5/15/2019,08:10:00,4,"""14/5/19/a""",4,2.01E+02,1.98E+02,2.05E+02,1.92E+02,2.00E+02,30,32,8
440, 5/15/2019,08:20:00,4,"""14/5/19/a""",4,2.09E+02,2.10E+02,1.95E+02,1.90E+02,2.00E+02,30,40,8
441, 5/15/2019,08:30:00,4,"""14/5/19/a""",4,1.94E+02,2.10E+02,2.00E+02,2.06E+02,2.00E+02,30,48,8
442, 5/15/2019,08:40:00,4,"""14/5/19/a""",4,2.07E+02,1.96E+02,1.93E+02,2.06E+02,2.00E+02,30,56,8
443, 5/15/2019,08:50:00,4,"""14/5/19/a""",4,1.92E+02,1.96E+02,1.90E+02,1.92E+02,2.00E+02,30,64,8
444, 5/15/2019,09:00:00,4,"""14/5/19/a""",4,2.09E+02,1.98E+02,2.08E+02,2.01E+02,2.00E+02,30,72,8
445, 5/15/2019,09:10:00,4,"""14/5/19/a""",4,1.96E+02,2.09E+02,2.07E+02,1.93E+02,2.00E+02,30,80,8
446, 5/15/2019,09:20:00,4,"""14/5/19/a""",4,1.97E+02,2.04E+02,1.93E+02,1.90E+02,2.00E+02,30,88,8
447, 5/15/2019,09:30:00,4,"""14/5/19/a""",4,2.08E+02,1.94E+02,1.97E+02,1.98E+02,2.00E+02,30,96,8
448, 5/15/2019,09:40:00,4,"""14/5/19/a""",4,2.04E+02,2.05E+02,2.00E+02,1.92E+02,2.00E+02,30,104,8
449, 5/15/2019,09:50:00,4,"""14/5/19/a""",4,2.01E+02,1.98E+02,2.08E+02,2.05E+02,2.00E+02,30,112,8
450, 5/15/2019,10:00:00,4,"""14/5/19/a""",4,2.00E+02,2.06E+02,2.00E+02,2.01E+02,2.00E+02,30,120,8
451, 5/15/2019,10:10:00,4,"""14/5/19/a""",4,1.96E+02,1.92E+02,2.10E+02,1.94E+02,2.00E+02,30,128,8
452, 5/15/2019,10:20:00,4,"""14/5/19/a""",4,2.00E+02,2.07E+02,2.00E+02,2.05E+02,2.00E+02,30,136,8
453, 5/15/2019,10:30:00,4,"""14/5/19/a""",4,1.94E+02,1.90E+02,2.04E+02,1.94E+02,2.00E+02,30,144,8
454, 5/15/2019,10:40:00,4,"""14/5/19/a""",4,2.09E+02,1.94E+02,1.90E+02,1.95E+02,2.00E+02,30,152,8
455, 5/15/2019,10:50:00,4,"""14/5/19/a""",4,1.97E+02,2.05E+02,2.02E+02,2.04E+02,2.00E+02,30,160,8
456, 5/15/2019,11:00:00,4,"""14/5/19/a""",4,2.08E+02,2.07E+02,2.03E+02,1.99E+02,2.00E+02,30,168,8
457, 5/15/2019,11:10:00,4,"""14/5/19/a""",4,2.02E+02,1.93E+02,1.91E+02,1.94E+02,2.00E+02,30,176,8
458, 5/15/2019,11:20:00,4,"""14/5/19/a""",4,2.03E+02,1.93E+02,2.04E+02,1.93E+02,2.00E+02,30,184,8
459, 5/15/2019,11:30:00,4,"""14/5/19/a""",4,1.92E+02,1.93E+02,1.90E+02,2.03E+02,2.00E+02,30,192,8
460, 5/15/2019,11:40:00,4,"""14/5/19/a""",4,2.06E+02,1.94E+02,2.01E+02,2.06E+02,2.00E+02,30,200,8
461, 5/15/2019,11:50:00,4,"""14/5/19/a""",4,2.00E+02,1.97E+02,1.98E+02,2.01E+02,2.00E+02,30,208,8
462, 5/15/2019,12:00:00,4,"""14/5/19/a""",4,2.04E+02,2.05E+02,1.91E+02,2.06E+02,2.00E+02,30,216,8
463, 5/15/2019,12:10:00,4,"""14/5/19/a""",4,2.03E+02,1.95E+02,2.04E+02,1.90E+02,2.00E+02,30,224,8
464, 5/15/2019,12:20:00,4,"""14/5/19/a""",4,2.05E+02,2.01E+02,1.96E+02,1.98E+02,2.00E+02,30,232,8
465, 5/15/2019,12:30:00,4,"""14/5/19/a""",4,1.97E+02,2.10E+02,2.09E+02,1.93E+02,2.00E+02,30,240,8
466, 5/15/2019,12:40:00,4,"""14/5/19/a""",4,1.94E+02,1.96E+02,1.97E+02,2.03E+02,2.00E+02,30,248,8
467, 5/15/2019,12:50:00,4,"""14/5/19/a""",4,1.93E+02,2.05E+02,1.99E+02,2.06E+02,2.00E+02,30,256,8
468, 5/15/2019,13:00:00,4,"""14/5/19/a""",4,2.06E+02,2.05E+02,1.90E+02,2.04E+02,2.00E+02,30,264,8
469, 5/15/2019,13:10:00,4,"""14/5/19/a""",4,2.03E+02,1.96E+02,2.04E+02,2.00E+02,2.00E+02,30,272,8
470, 5/15/2019,13:20:00,4,"""14/5/19/a""",4,1.98E+02,2.02E+02,1.90E+02,1.96E+02,2.00E+02,30,280,8
471, 5/15/2019,13:30:00,4,"""14/5/19/a""",4,1.99E+02,2.02E+02,2.05E+02,1.92E+02,2.00E+02,30,288,8
472, 5/15/2019,13:40:00,4,"""14/5/19/a""",4,1.94E+02,2.08E+02,1.92E+02,1.92E+02,2.00E+02,30,296,8
473, 5/15/2019,13:50:00,4,"""14/5/19/a""",4,1.92E+02,2.07E+02,2.05E+02,1.96E+02,2.00E+02,30,304,8
474, 5/15/2019,14:00:00,4,"""14/5/19/a""",4,2.09E+02,1.97E+02,2.07E+02,2.03E+02,2.00E+02,30,312,8
475, 5/15/2019,14:10:00,4,"""14/5/19/a""",4,1.97E+02,2.10E+02,2.09E+02,2.10E+02,2.00E+02,30,320,8
476, 5/15/2019,14:20:00,4,"""14/5/19/a""",4,1.92E+02,1.97E+02,2.09E+02,2.09E+02,2.00E+02,30,328,8
477, 5/15/2019,14:30:00,4,"""14/5/19/a""",4,1.97E+02,1.90E+02,2.06E+02,1.98E+02,2.00E+02,30,336,8
478, 5/15/2019,14:40:00,4,"""14/5/19/a""",4,2.04E+02,2.05E+02,2.03E+02,1.91E+02,2.00E+02,30,344,8
479, 5/15/2019,14:50:00,4,"""14/5/19/a""",4,2.06E+02,2.07E+02,1.98E+02,2.03E+02,2.00E+02,30,352,8
480, 5/15/2019,15:00:00,4,"""14/5/19/a""",4,1.93E+02,1.93E+02,1.99E+02,2.07E+02,2.00E+02,30,360,8
481, 5/15/2019,15:10:00,5,"""14/5/19/b""",4,2.18E+02,2.24E+02,2.11E+02,2.21E+02,2.20E+02,50,0,6
482, 5/15/2019,15:20:00,5,"""14/5/19/b""",4,2.16E+02,2.12E+02,2.14E+02,2.25E+02,2.20E+02,50,6,6
483, 5/15/2019,15:30:00,5,"""14/5/19/b""",4,2.19E+02,2.21E+02,2.28E+02,2.11E+02,2.20E+02,50,12,6
484, 5/15/2019,15:40:00,5,"""14/5/19/b""",4,2.28E+02,2.26E+02,2.28E+02,2.10E+02,2.20E+02,50,18,6
485, 5/15/2019,15:50:00,5,"""14/5/19/b""",4,2.27E+02,2.26E+02,2.12E+02,2.26E+02,2.20E+02,50,24,6
486, 5/15/2019,16:00:00,5,"""14/5/19/b""",4,2.21E+02,2.29E+02,2.17E+02,2.14E+02,2.20E+02,50,30,6
487, 5/15/2019,16:10:00,5,"""14/5/19/b""",4,2.29E+02,2.14E+02,2.19E+02,2.28E+02,2.20E+02,50,36,6
488, 5/15/2019,16:20:00,5,"""14/5/19/b""",4,2.30E+02,2.14E+02,2.23E+02,2.21E+02,2.20E+02,50,42,6
489, 5/15/2019,16:30:00,5,"""14/5/19/b""",4,2.30E+02,2.27E+02,2.14E+02,2.21E+02,2.20E+02,50,48,6
490, 5/15/2019,16:40:00,5,"""14/5/19/b""",4,2.14E+02,2.12E+02,2.12E+02,2.13E+02,2.20E+02,50,54,6
491, 5/15/2019,16:50:00,5,"""14/5/19/b""",4,2.10E+02,2.15E+02,2.19E+02,2.21E+02,2.20E+02,50,60,6
492, 5/15/2019,17:00:00,5,"""14/5/19/b""",4,2.13E+02,2.22E+02,2.17E+02,2.14E+02,2.20E+02,50,66,6
493, 5/15/2019,17:10:00,5,"""14/5/19/b""",4,2.26E+02,2.20E+02,2.28E+02,2.10E+02,2.20E+02,50,72,6
494, 5/15/2019,17:20:00,5,"""14/5/19/b""",4,2.28E+02,2.22E+02,2.27E+02,2.26E+02,2.20E+02,50,78,6
495, 5/15/2019,17:30:00,5,"""14/5/19/b""",4,2.24E+02,2.29E+02,2.14E+02,2.25E+02,2.20E+02,50,84,6
496, 5/15/2019,17:40:00,5,"""14/5/19/b""",4,2.12E+02,2.16E+02,2.27E+02,2.27E+02,2.20E+02,50,90,6
497, 5/15/2019,17:50:00,5,"""14/5/19/b""",4,2.30E+02,2.28E+02,2.30E+02,2.10E+02,2.20E+02,50,96,6
498, 5/15/2019,18:00:00,5,"""14/5/19/b""",4,2.23E+02,2.14E+02,2.10E+02,2.15E+02,2.20E+02,50,102,6
499, 5/15/2019,18:10:00,5,"""14/5/19/b""",4,2.25E+02,2.12E+02,2.18E+02,2.29E+02,2.20E+02,50,108,6
500, 5/15/2019,18:20:00,5,"""14/5/19/b""",4,2.18E+02,2.13E+02,2.10E+02,2.28E+02,2.20E+02,50,114,6
501, 5/15/2019,18:30:00,5,"""14/5/19/b""",4,2.29E+02,2.21E+02,2.23E+02,2.30E+02,2.20E+02,50,120,6
502, 5/15/2019,18:40:00,5,"""14/5/19/b""",4,2.28E+02,2.15E+02,2.12E+02,2.14E+02,2.20E+02,50,126,6
503, 5/15/2019,18:50:00,5,"""14/5/19/b""",4,2.13E+02,2.29E+02,2.20E+02,2.21E+02,2.20E+02,50,132,6
504, 5/15/2019,19:00:00,5,"""14/5/19/b""",4,2.11E+02,2.18E+02,2.18E+02,2.10E+02,2.20E+02,50,138,6
505, 5/15/2019,19:10:00,5,"""14/5/19/b""",4,2.20E+02,2.12E+02,2.30E+02,2.12E+02,2.20E+02,50,144,6
506, 5/15/2019,19:20:00,5,"""14/5/19/b""",4,2.13E+02,2.15E+02,2.24E+02,2.27E+02,2.20E+02,50,150,6
507, 5/15/2019,19:30:00,5,"""14/5/19/b""",4,2.21E+02,2.10E+02,2.24E+02,2.18E+02,2.20E+02,50,156,6
508, 5/15/2019,19:40:00,5,"""14/5/19/b""",4,2.28E+02,2.17E+02,2.26E+02,2.23E+02,2.20E+02,50,162,6
509, 5/15/2019,19:50:00,5,"""14/5/19/b""",4,2.13E+02,2.10E+02,2.27E+02,2.20E+02,2.20E+02,50,168,6
510, 5/15/2019,20:00:00,5,"""14/5/19/b""",4,2.17E+02,2.27E+02,2.21E+02,2.26E+02,2.20E+02,50,174,6
511, 5/15/2019,20:10:00,5,"""14/5/19/b""",4,2.27E+02,2.19E+02,2.18E+02,2.22E+02,2.20E+02,50,180,6
512, 5/15/2019,20:20:00,5,"""14/5/19/b""",4,2.11E+02,2.26E+02,2.29E+02,2.27E+02,2.20E+02,50,186,6
513, 5/15/2019,20:30:00,5,"""14/5/19/b""",4,2.25E+02,2.30E+02,2.30E+02,2.27E+02,2.20E+02,50,192,6
514, 5/15/2019,20:40:00,5,"""14/5/19/b""",4,2.26E+02,2.20E+02,2.10E+02,2.16E+02,2.20E+02,50,198,6
515, 5/15/2019,20:50:00,5,"""14/5/19/b""",4,2.16E+02,2.30E+02,2.27E+02,2.18E+02,2.20E+02,50,204,6
516, 5/15/2019,21:00:00,5,"""14/5/19/b""",4,2.29E+02,2.10E+02,2.19E+02,2.29E+02,2.20E+02,50,210,6
517, 5/15/2019,21:10:00,5,"""14/5/19/b""",4,2.27E+02,2.21E+02,2.23E+02,2.11E+02,2.20E+02,50,216,6
518, 5/15/2019,21:20:00,5,"""14/5/19/b""",4,2.28E+02,2.12E+02,2.23E+02,2.11E+02,2.20E+02,50,222,6
519, 5/15/2019,21:30:00,5,"""14/5/19/b""",4,2.12E+02,2.26E+02,2.19E+02,2.11E+02,2.20E+02,50,228,6
520, 5/15/2019,21:40:00,5,"""14/5/19/b""",4,2.28E+02,2.27E+02,2.29E+02,2.24E+02,2.20E+02,50,234,6
521, 5/15/2019,21:50:00,5,"""14/5/19/b""",4,2.15E+02,2.22E+02,2.15E+02,2.21E+02,2.20E+02,50,240,6
522, 5/15/2019,22:00:00,5,"""14/5/19/b""",4,2.27E+02,2.21E+02,2.15E+02,2.27E+02,2.20E+02,50,246,6
523, 5/15/2019,22:10:00,5,"""14/5/19/b""",4,2.11E+02,2.19E+02,2.30E+02,2.26E+02,2.20E+02,50,252,6
524, 5/15/2019,22:20:00,5,"""14/5/19/b""",4,2.27E+02,2.27E+02,2.25E+02,2.19E+02,2.20E+02,50,258,6
525, 5/15/2019,22:30:00,5,"""14/5/19/b""",4,2.22E+02,2.12E+02,2.17E+02,2.15E+02,2.20E+02,50,264,6
526, 5/15/2019,22:40:00,5,"""14/5/19/b""",4,2.18E+02,2.26E+02,2.14E+02,2.21E+02,2.20E+02,50,270,6
527, 5/15/2019,22:50:00,5,"""14/5/19/b""",4,2.30E+02,2.27E+02,2.21E+02,2.18E+02,2.20E+02,50,276,6
528, 5/15/2019,23:00:00,5,"""14/5/19/b""",4,2.25E+02,2.22E+02,2.20E+02,2.12E+02,2.20E+02,50,282,6
529, 5/15/2019,23:10:00,6,"""14/5/19/c""",4,1.84E+02,1.81E+02,1.75E+02,1.76E+02,1.80E+02,90,0,2
530, 5/15/2019,23:20:00,6,"""14/5/19/c""",4,1.71E+02,1.82E+02,1.90E+02,1.87E+02,1.80E+02,90,2,2
531, 5/15/2019,23:30:00,6,"""14/5/19/c""",4,1.82E+02,1.86E+02,1.89E+02,1.75E+02,1.80E+02,90,4,2
532, 5/15/2019,23:40:00,6,"""14/5/19/c""",4,1.90E+02,1.81E+02,1.74E+02,1.80E+02,1.80E+02,90,6,2
533, 5/15/2019,23:50:00,6,"""14/5/19/c""",4,1.70E+02,1.70E+02,1.76E+02,1.80E+02,1.80E+02,90,8,2
534, 5/16/2019,00:00:00,6,"""14/5/19/c""",4,1.86E+02,1.85E+02,1.75E+02,1.83E+02,1.80E+02,90,10,2
535, 5/16/2019,00:10:00,6,"""14/5/19/c""",4,1.89E+02,1.84E+02,1.72E+02,1.86E+02,1.80E+02,90,12,2
536, 5/16/2019,00:20:00,6,"""14/5/19/c""",4,1.74E+02,1.74E+02,1.90E+02,1.77E+02,1.80E+02,90,14,2
537, 5/16/2019,00:30:00,6,"""14/5/19/c""",4,1.76E+02,1.90E+02,1.85E+02,1.74E+02,1.80E+02,90,16,2
538, 5/16/2019,00:40:00,6,"""14/5/19/c""",4,1.90E+02,1.70E+02,1.72E+02,1.78E+02,1.80E+02,90,18,2
539, 5/16/2019,00:50:00,6,"""14/5/19/c""",4,1.70E+02,1.73E+02,1.77E+02,1.73E+02,1.80E+02,90,20,2
540, 5/16/2019,01:00:00,6,"""14/5/19/c""",4,1.85E+02,1.76E+02,1.88E+02,1.78E+02,1.80E+02,90,22,2
541, 5/16/2019,01:10:00,6,"""14/5/19/c""",4,1.75E+02,1.79E+02,1.85E+02,1.80E+02,1.80E+02,90,24,2
542, 5/16/2019,01:20:00,6,"""14/5/19/c""",4,1.83E+02,1.73E+02,1.84E+02,1.79E+02,1.80E+02,90,26,2
543, 5/16/2019,01:30:00,6,"""14/5/19/c""",4,1.84E+02,1.72E+02,1.82E+02,1.88E+02,1.80E+02,90,28,2
544, 5/16/2019,01:40:00,6,"""14/5/19/c""",4,1.75E+02,1.81E+02,1.84E+02,1.75E+02,1.80E+02,90,30,2
545, 5/16/2019,01:50:00,6,"""14/5/19/c""",4,1.90E+02,1.72E+02,1.81E+02,1.80E+02,1.80E+02,90,32,2
546, 5/16/2019,02:00:00,6,"""14/5/19/c""",4,1.78E+02,1.73E+02,1.87E+02,1.89E+02,1.80E+02,90,34,2
547, 5/16/2019,02:10:00,6,"""14/5/19/c""",4,1.87E+02,1.75E+02,1.74E+02,1.74E+02,1.80E+02,90,36,2
548, 5/16/2019,02:20:00,6,"""14/5/19/c""",4,1.73E+02,1.78E+02,1.77E+02,1.70E+02,1.80E+02,90,38,2
549, 5/16/2019,02:30:00,6,"""14/5/19/c""",4,1.90E+02,1.72E+02,1.83E+02,1.88E+02,1.80E+02,90,40,2
550, 5/16/2019,02:40:00,6,"""14/5/19/c""",4,1.76E+02,1.90E+02,1.76E+02,1.81E+02,1.80E+02,90,42,2
551, 5/16/2019,02:50:00,6,"""14/5/19/c""",4,1.78E+02,1.82E+02,1.72E+02,1.89E+02,1.80E+02,90,44,2
552, 5/16/2019,03:00:00,6,"""14/5/19/c""",4,1.83E+02,1.83E+02,1.72E+02,1.77E+02,1.80E+02,90,46,2
553, 5/16/2019,03:10:00,6,"""14/5/19/c""",4,1.82E+02,1.80E+02,1.78E+02,1.88E+02,1.80E+02,90,48,2
554, 5/16/2019,03:20:00,6,"""14/5/19/c""",4,1.88E+02,1.90E+02,1.88E+02,1.89E+02,1.80E+02,90,50,2
555, 5/16/2019,03:30:00,6,"""14/5/19/c""",4,1.74E+02,1.71E+02,1.77E+02,1.86E+02,1.80E+02,90,52,2
556, 5/16/2019,03:40:00,6,"""14/5/19/c""",4,1.82E+02,1.88E+02,1.72E+02,1.81E+02,1.80E+02,90,54,2
557, 5/16/2019,03:50:00,6,"""14/5/19/c""",4,1.78E+02,1.89E+02,1.70E+02,1.83E+02,1.80E+02,90,56,2
558, 5/16/2019,04:00:00,6,"""14/5/19/c""",4,1.81E+02,1.87E+02,1.85E+02,1.80E+02,1.80E+02,90,58,2
559, 5/16/2019,04:10:00,6,"""14/5/19/c""",4,1.82E+02,1.88E+02,1.87E+02,1.76E+02,1.80E+02,90,60,2
560, 5/16/2019,04:20:00,6,"""14/5/19/c""",4,1.78E+02,1.70E+02,1.78E+02,1.82E+02,1.80E+02,90,62,2
561, 5/16/2019,04:30:00,6,"""14/5/19/c""",4,1.78E+02,1.83E+02,1.86E+02,1.89E+02,1.80E+02,90,64,2
562, 5/16/2019,04:40:00,6,"""14/5/19/c""",4,1.85E+02,1.83E+02,1.72E+02,1.80E+02,1.80E+02,90,66,2
563, 5/16/2019,04:50:00,6,"""14/5/19/c""",4,1.85E+02,1.84E+02,1.70E+02,1.85E+02,1.80E+02,90,68,2
564, 5/16/2019,05:00:00,6,"""14/5/19/c""",4,1.83E+02,1.75E+02,1.75E+02,1.75E+02,1.80E+02,90,70,2
565, 5/16/2019,05:10:00,6,"""14/5/19/c""",4,1.75E+02,1.78E+02,1.73E+02,1.86E+02,1.80E+02,90,72,2
566, 5/16/2019,05:20:00,6,"""14/5/19/c""",4,1.88E+02,1.72E+02,1.82E+02,1.81E+02,1.80E+02,90,74,2
567, 5/16/2019,05:30:00,6,"""14/5/19/c""",4,1.85E+02,1.88E+02,1.75E+02,1.72E+02,1.80E+02,90,76,2
568, 5/16/2019,05:40:00,6,"""14/5/19/c""",4,1.90E+02,1.87E+02,1.71E+02,1.77E+02,1.80E+02,90,78,2
569, 5/16/2019,05:50:00,6,"""14/5/19/c""",4,1.85E+02,1.85E+02,1.83E+02,1.80E+02,1.80E+02,90,80,2
570, 5/16/2019,06:00:00,6,"""14/5/19/c""",4,1.89E+02,1.77E+02,1.74E+02,1.81E+02,1.80E+02,90,82,2
571, 5/16/2019,06:10:00,6,"""14/5/19/c""",4,1.84E+02,1.83E+02,1.76E+02,1.79E+02,1.80E+02,90,84,2
572, 5/16/2019,06:20:00,6,"""14/5/19/c""",4,1.80E+02,1.79E+02,1.78E+02,1.82E+02,1.80E+02,90,86,2
573, 5/16/2019,06:30:00,6,"""14/5/19/c""",4,1.88E+02,1.82E+02,1.84E+02,1.90E+02,1.80E+02,90,88,2
574, 5/16/2019,06:40:00,6,"""14/5/19/c""",4,1.79E+02,1.80E+02,1.80E+02,1.74E+02,1.80E+02,90,90,2
575, 5/16/2019,06:50:00,6,"""14/5/19/c""",4,1.77E+02,1.73E+02,1.71E+02,1.73E+02,1.80E+02,90,92,2
576, 5/16/2019,07:00:00,6,"""14/5/19/c""",4,1.75E+02,1.89E+02,1.79E+02,1.71E+02,1.80E+02,90,94,2
577, 5/16/2019,07:10:00,4,"""14/5/19/a""",2,1.95E+02,1.99E+02,1.99E+02,2.07E+02,2.00E+02,30,0,8
578, 5/16/2019,07:20:00,4,"""14/5/19/a""",3,1.95E+02,2.08E+02,2.09E+02,2.01E+02,2.00E+02,30,0,8
579, 5/16/2019,07:30:00,4,"""14/5/19/a""",4,1.92E+02,2.01E+02,1.91E+02,2.04E+02,2.00E+02,30,0,8
580, 5/16/2019,07:40:00,4,"""14/5/19/a""",4,1.96E+02,1.90E+02,2.00E+02,2.07E+02,2.00E+02,30,8,8
581, 5/16/2019,07:50:00,4,"""14/5/19/a""",4,2.00E+02,1.94E+02,1.91E+02,2.04E+02,2.00E+02,30,16,8
582, 5/16/2019,08:00:00,4,"""14/5/19/a""",4,1.91E+02,2.01E+02,2.02E+02,1.98E+02,2.00E+02,30,24,8
583, 5/16/2019,08:10:00,4,"""14/5/19/a""",4,1.95E+02,2.00E+02,2.05E+02,2.05E+02,2.00E+02,30,32,8
584, 5/16/2019,08:20:00,4,"""14/5/19/a""",4,1.92E+02,1.91E+02,2.09E+02,1.97E+02,2.00E+02,30,40,8
585, 5/16/2019,08:30:00,4,"""14/5/19/a""",4,1.93E+02,1.93E+02,2.03E+02,1.99E+02,2.00E+02,30,48,8
586, 5/16/2019,08:40:00,4,"""14/5/19/a""",4,2.03E+02,2.05E+02,1.97E+02,1.95E+02,2.00E+02,30,56,8
587, 5/16/2019,08:50:00,4,"""14/5/19/a""",4,2.09E+02,2.07E+02,2.09E+02,1.93E+02,2.00E+02,30,64,8
588, 5/16/2019,09:00:00,4,"""14/5/19/a""",4,1.91E+02,2.00E+02,1.95E+02,1.92E+02,2.00E+02,30,72,8
589, 5/16/2019,09:10:00,4,"""14/5/19/a""",4,2.09E+02,1.99E+02,1.99E+02,2.08E+02,2.00E+02,30,80,8
590, 5/16/2019,09:20:00,4,"""14/5/19/a""",4,1.90E+02,2.10E+02,1.90E+02,2.03E+02,2.00E+02,30,88,8
591, 5/16/2019,09:30:00,4,"""14/5/19/a""",4,2.06E+02,2.02E+02,1.97E+02,1.97E+02,2.00E+02,30,96,8
592, 5/16/2019,09:40:00,4,"""14/5/19/a""",4,1.92E+02,1.90E+02,2.03E+02,2.09E+02,2.00E+02,30,104,8
593, 5/16/2019,09:50:00,4,"""14/5/19/a""",4,1.95E+02,2.06E+02,1.95E+02,2.06E+02,2.00E+02,30,112,8
594, 5/16/2019,10:00:00,4,"""14/5/19/a""",4,2.03E+02,2.09E+02,2.02E+02,1.95E+02,2.00E+02,30,120,8
595, 5/16/2019,10:10:00,4,"""14/5/19/a""",4,1.91E+02,2.01E+02,1.91E+02,2.00E+02,2.00E+02,30,128,8
596, 5/16/2019,10:20:00,4,"""14/5/19/a""",4,1.96E+02,1.92E+02,2.00E+02,1.98E+02,2.00E+02,30,136,8
597, 5/16/2019,10:30:00,4,"""14/5/19/a""",4,2.09E+02,1.92E+02,1.92E+02,1.99E+02,2.00E+02,30,144,8
598, 5/16/2019,10:40:00,4,"""14/5/19/a""",4,1.97E+02,1.91E+02,2.00E+02,1.91E+02,2.00E+02,30,152,8
599, 5/16/2019,10:50:00,4,"""14/5/19/a""",4,2.02E+02,1.99E+02,2.01E+02,1.95E+02,2.00E+02,30,160,8
600, 5/16/2019,11:00:00,4,"""14/5/19/a""",4,2.03E+02,2.03E+02,1.91E+02,2.08E+02,2.00E+02,30,168,8
601, 5/16/2019,11:10:00,4,"""14/5/19/a""",4,2.09E+02,2.07E+02,2.09E+02,2.10E+02,2.00E+02,30,176,8
602, 5/16/2019,11:20:00,4,"""14/5/19/a""",4,2.06E+02,2.06E+02,1.95E+02,1.95E+02,2.00E+02,30,184,8
603, 5/16/2019,11:30:00,4,"""14/5/19/a""",4,1.91E+02,2.04E+02,2.01E+02,2.02E+02,2.00E+02,30,192,8
604, 5/16/2019,11:40:00,4,"""14/5/19/a""",4,2.04E+02,2.03E+02,1.93E+02,1.95E+02,2.00E+02,30,200,8
605, 5/16/2019,11:50:00,4,"""14/5/19/a""",4,1.97E+02,2.10E+02,2.01E+02,1.91E+02,2.00E+02,30,208,8
606, 5/16/2019,12:00:00,4,"""14/5/19/a""",4,2.10E+02,1.90E+02,1.99E+02,1.93E+02,2.00E+02,30,216,8
607, 5/16/2019,12:10:00,4,"""14/5/19/a""",4,2.10E+02,2.01E+02,2.04E+02,2.02E+02,2.00E+02,30,224,8
608, 5/16/2019,12:20:00,4,"""14/5/19/a""",4,1.97E+02,2.05E+02,2.07E+02,2.08E+02,2.00E+02,30,232,8
609, 5/16/2019,12:30:00,4,"""14/5/19/a""",4,1.95E+02,2.03E+02,2.10E+02,1.95E+02,2.00E+02,30,240,8
610, 5/16/2019,12:40:00,4,"""14/5/19/a""",4,1.93E+02,1.96E+02,2.00E+02,2.01E+02,2.00E+02,30,248,8
611, 5/16/2019,12:50:00,4,"""14/5/19/a""",4,2.02E+02,1.96E+02,1.96E+02,1.93E+02,2.00E+02,30,256,8
612, 5/16/2019,13:00:00,4,"""14/5/19/a""",4,2.00E+02,1.98E+02,1.95E+02,2.09E+02,2.00E+02,30,264,8
613, 5/16/2019,13:10:00,4,"""14/5/19/a""",4,1.98E+02,2.06E+02,2.08E+02,1.95E+02,2.00E+02,30,272,8
614, 5/16/2019,13:20:00,4,"""14/5/19/a""",4,2.03E+02,1.91E+02,1.94E+02,2.02E+02,2.00E+02,30,280,8
615, 5/16/2019,13:30:00,4,"""14/5/19/a""",4,1.91E+02,2.06E+02,2.06E+02,2.04E+02,2.00E+02,30,288,8
616, 5/16/2019,13:40:00,4,"""14/5/19/a""",4,1.90E+02,2.00E+02,1.90E+02,1.91E+02,2.00E+02,30,296,8
617, 5/16/2019,13:50:00,4,"""14/5/19/a""",4,2.05E+02,1.99E+02,2.01E+02,2.04E+02,2.00E+02,30,304,8
618, 5/16/2019,14:00:00,4,"""14/5/19/a""",4,1.90E+02,1.96E+02,1.91E+02,2.07E+02,2.00E+02,30,312,8
619, 5/16/2019,14:10:00,4,"""14/5/19/a""",4,2.06E+02,2.04E+02,2.01E+02,1.97E+02,2.00E+02,30,320,8
620, 5/16/2019,14:20:00,4,"""14/5/19/a""",4,2.09E+02,1.96E+02,2.07E+02,2.00E+02,2.00E+02,30,328,8
621, 5/16/2019,14:30:00,4,"""14/5/19/a""",4,1.94E+02,2.02E+02,1.95E+02,1.97E+02,2.00E+02,30,336,8
622, 5/16/2019,14:40:00,4,"""14/5/19/a""",4,1.98E+02,2.05E+02,2.06E+02,1.97E+02,2.00E+02,30,344,8
623, 5/16/2019,14:50:00,4,"""14/5/19/a""",4,1.97E+02,1.90E+02,1.95E+02,2.09E+02,2.00E+02,30,352,8
624, 5/16/2019,15:00:00,4,"""14/5/19/a""",4,1.90E+02,1.92E+02,2.04E+02,2.01E+02,2.00E+02,30,360,8
625, 5/16/2019,15:10:00,4,"""14/5/19/b""",4,2.13E+02,2.17E+02,2.13E+02,2.14E+02,2.20E+02,50,0,6
626, 5/16/2019,15:20:00,4,"""14/5/19/b""",4,2.29E+02,2.24E+02,2.20E+02,2.17E+02,2.20E+02,50,6,6
627, 5/16/2019,15:30:00,4,"""14/5/19/b""",4,2.18E+02,2.20E+02,2.22E+02,2.29E+02,2.20E+02,50,12,6
628, 5/16/2019,15:40:00,4,"""14/5/19/b""",4,2.22E+02,2.12E+02,2.24E+02,2.28E+02,2.20E+02,50,18,6
629, 5/16/2019,15:50:00,4,"""14/5/19/b""",4,2.30E+02,2.11E+02,2.24E+02,2.14E+02,2.20E+02,50,24,6
630, 5/16/2019,16:00:00,4,"""14/5/19/b""",4,2.27E+02,2.14E+02,2.21E+02,2.30E+02,2.20E+02,50,30,6
631, 5/16/2019,16:10:00,4,"""14/5/19/b""",4,2.15E+02,2.16E+02,2.17E+02,2.25E+02,2.20E+02,50,36,6
632, 5/16/2019,16:20:00,4,"""14/5/19/b""",4,2.16E+02,2.18E+02,2.19E+02,2.19E+02,2.20E+02,50,42,6
633, 5/16/2019,16:30:00,4,"""14/5/19/b""",4,2.22E+02,2.25E+02,2.16E+02,2.18E+02,2.20E+02,50,48,6
634, 5/16/2019,16:40:00,4,"""14/5/19/b""",4,2.27E+02,2.15E+02,2.24E+02,2.28E+02,2.20E+02,50,54,6
635, 5/16/2019,16:50:00,4,"""14/5/19/b""",4,2.13E+02,2.10E+02,2.19E+02,2.15E+02,2.20E+02,50,60,6
636, 5/16/2019,17:00:00,4,"""14/5/19/b""",4,2.15E+02,2.17E+02,2.22E+02,2.16E+02,2.20E+02,50,66,6
637, 5/16/2019,17:10:00,4,"""14/5/19/b""",4,2.16E+02,2.12E+02,2.12E+02,2.24E+02,2.20E+02,50,72,6
638, 5/16/2019,17:20:00,4,"""14/5/19/b""",4,2.30E+02,2.27E+02,2.22E+02,2.17E+02,2.20E+02,50,78,6
639, 5/16/2019,17:30:00,4,"""14/5/19/b""",4,2.19E+02,2.15E+02,2.22E+02,2.26E+02,2.20E+02,50,84,6
640, 5/16/2019,17:40:00,4,"""14/5/19/b""",4,2.22E+02,2.19E+02,2.25E+02,2.10E+02,2.20E+02,50,90,6
641, 5/16/2019,17:50:00,4,"""14/5/19/b""",4,2.27E+02,2.30E+02,2.24E+02,2.16E+02,2.20E+02,50,96,6
642, 5/16/2019,18:00:00,4,"""14/5/19/b""",4,2.16E+02,2.24E+02,2.15E+02,2.24E+02,2.20E+02,50,102,6
643, 5/16/2019,18:10:00,4,"""14/5/19/b""",4,2.28E+02,2.29E+02,2.14E+02,2.19E+02,2.20E+02,50,108,6
644, 5/16/2019,18:20:00,4,"""14/5/19/b""",4,2.26E+02,2.12E+02,2.12E+02,2.21E+02,2.20E+02,50,114,6
645, 5/16/2019,18:30:00,4,"""14/5/19/b""",4,2.24E+02,2.15E+02,2.25E+02,2.30E+02,2.20E+02,50,120,6
646, 5/16/2019,18:40:00,4,"""14/5/19/b""",4,2.30E+02,2.15E+02,2.29E+02,2.25E+02,2.20E+02,50,126,6
647, 5/16/2019,18:50:00,4,"""14/5/19/b""",4,2.21E+02,2.14E+02,2.16E+02,2.13E+02,2.20E+02,50,132,6
648, 5/16/2019,19:00:00,4,"""14/5/19/b""",4,2.20E+02,2.18E+02,2.25E+02,2.20E+02,2.20E+02,50,138,6
649, 5/16/2019,19:10:00,4,"""14/5/19/b""",4,2.20E+02,2.12E+02,2.16E+02,2.25E+02,2.20E+02,50,144,6
650, 5/16/2019,19:20:00,4,"""14/5/19/b""",4,2.29E+02,2.30E+02,2.14E+02,2.16E+02,2.20E+02,50,150,6
651, 5/16/2019,19:30:00,4,"""14/5/19/b""",4,2.16E+02,2.12E+02,2.22E+02,2.28E+02,2.20E+02,50,156,6
652, 5/16/2019,19:40:00,4,"""14/5/19/b""",4,2.17E+02,2.22E+02,2.27E+02,2.11E+02,2.20E+02,50,162,6
653, 5/16/2019,19:50:00,4,"""14/5/19/b""",4,2.24E+02,2.28E+02,2.29E+02,2.25E+02,2.20E+02,50,168,6
654, 5/16/2019,20:00:00,4,"""14/5/19/b""",4,2.12E+02,2.27E+02,2.20E+02,2.13E+02,2.20E+02,50,174,6
655, 5/16/2019,20:10:00,4,"""14/5/19/b""",4,2.15E+02,2.14E+02,2.13E+02,2.20E+02,2.20E+02,50,180,6
656, 5/16/2019,20:20:00,4,"""14/5/19/b""",4,2.26E+02,2.15E+02,2.12E+02,2.24E+02,2.20E+02,50,186,6
657, 5/16/2019,20:30:00,4,"""14/5/19/b""",4,2.16E+02,2.25E+02,2.28E+02,2.21E+02,2.20E+02,50,192,6
658, 5/16/2019,20:40:00,4,"""14/5/19/b""",4,2.10E+02,2.21E+02,2.10E+02,2.12E+02,2.20E+02,50,198,6
659, 5/16/2019,20:50:00,4,"""14/5/19/b""",4,2.19E+02,2.14E+02,2.11E+02,2.28E+02,2.20E+02,50,204,6
660, 5/16/2019,21:00:00,4,"""14/5/19/b""",4,2.19E+02,2.25E+02,2.15E+02,2.11E+02,2.20E+02,50,210,6
661, 5/16/2019,21:10:00,4,"""14/5/19/b""",4,2.14E+02,2.11E+02,2.10E+02,2.27E+02,2.20E+02,50,216,6
662, 5/16/2019,21:20:00,4,"""14/5/19/b""",4,2.14E+02,2.19E+02,2.26E+02,2.19E+02,2.20E+02,50,222,6
663, 5/16/2019,21:30:00,4,"""14/5/19/b""",4,2.13E+02,2.26E+02,2.20E+02,2.29E+02,2.20E+02,50,228,6
664, 5/16/2019,21:40:00,4,"""14/5/19/b""",4,2.26E+02,2.24E+02,2.18E+02,2.30E+02,2.20E+02,50,234,6
665, 5/16/2019,21:50:00,4,"""14/5/19/b""",4,2.25E+02,2.25E+02,2.25E+02,2.24E+02,2.20E+02,50,240,6
666, 5/16/2019,22:00:00,4,"""14/5/19/b""",4,2.27E+02,2.17E+02,2.12E+02,2.10E+02,2.20E+02,50,246,6
667, 5/16/2019,22:10:00,4,"""14/5/19/b""",4,2.24E+02,2.15E+02,2.14E+02,2.11E+02,2.20E+02,50,252,6
668, 5/16/2019,22:20:00,4,"""14/5/19/b""",4,2.13E+02,2.16E+02,2.18E+02,2.13E+02,2.20E+02,50,258,6
669, 5/16/2019,22:30:00,4,"""14/5/19/b""",4,2.24E+02,2.20E+02,2.23E+02,2.30E+02,2.20E+02,50,264,6
670, 5/16/2019,22:40:00,4,"""14/5/19/b""",4,2.26E+02,2.19E+02,2.20E+02,2.23E+02,2.20E+02,50,270,6
671, 5/16/2019,22:50:00,4,"""14/5/19/b""",4,2.24E+02,2.12E+02,2.14E+02,2.12E+02,2.20E+02,50,276,6
672, 5/16/2019,23:00:00,4,"""14/5/19/b""",4,2.30E+02,2.29E+02,2.19E+02,2.17E+02,2.20E+02,50,282,6
673, 5/16/2019,23:10:00,4,"""14/5/19/c""",4,1.84E+02,1.81E+02,1.76E+02,1.72E+02,1.80E+02,90,0,2
674, 5/16/2019,23:20:00,4,"""14/5/19/c""",4,1.73E+02,1.71E+02,1.89E+02,1.77E+02,1.80E+02,90,2,2
675, 5/16/2019,23:30:00,4,"""14/5/19/c""",4,1.83E+02,1.83E+02,1.80E+02,1.75E+02,1.80E+02,90,4,2
676, 5/16/2019,23:40:00,4,"""14/5/19/c""",4,1.77E+02,1.86E+02,1.74E+02,1.89E+02,1.80E+02,90,6,2
677, 5/16/2019,23:50:00,4,"""14/5/19/c""",4,1.87E+02,1.82E+02,1.83E+02,1.82E+02,1.80E+02,90,8,2
678, 5/17/2019,00:00:00,4,"""14/5/19/c""",4,1.72E+02,1.85E+02,1.82E+02,1.77E+02,1.80E+02,90,10,2
679, 5/17/2019,00:10:00,4,"""14/5/19/c""",4,1.83E+02,1.74E+02,1.84E+02,1.84E+02,1.80E+02,90,12,2
680, 5/17/2019,00:20:00,4,"""14/5/19/c""",4,1.77E+02,1.84E+02,1.73E+02,1.74E+02,1.80E+02,90,14,2
681, 5/17/2019,00:30:00,4,"""14/5/19/c""",4,1.74E+02,1.85E+02,1.81E+02,1.72E+02,1.80E+02,90,16,2
682, 5/17/2019,00:40:00,4,"""14/5/19/c""",4,1.72E+02,1.75E+02,1.73E+02,1.81E+02,1.80E+02,90,18,2
683, 5/17/2019,00:50:00,4,"""14/5/19/c""",4,1.79E+02,1.79E+02,1.78E+02,1.71E+02,1.80E+02,90,20,2
684, 5/17/2019,01:00:00,4,"""14/5/19/c""",4,1.75E+02,1.78E+02,1.76E+02,1.73E+02,1.80E+02,90,22,2
685, 5/17/2019,01:10:00,4,"""14/5/19/c""",4,1.78E+02,1.72E+02,1.74E+02,1.84E+02,1.80E+02,90,24,2
686, 5/17/2019,01:20:00,4,"""14/5/19/c""",4,1.70E+02,1.90E+02,1.73E+02,1.77E+02,1.80E+02,90,26,2
687, 5/17/2019,01:30:00,4,"""14/5/19/c""",4,1.71E+02,1.87E+02,1.71E+02,1.70E+02,1.80E+02,90,28,2
688, 5/17/2019,01:40:00,4,"""14/5/19/c""",4,1.77E+02,1.71E+02,1.76E+02,1.86E+02,1.80E+02,90,30,2
689, 5/17/2019,01:50:00,4,"""14/5/19/c""",4,1.88E+02,1.79E+02,1.90E+02,1.78E+02,1.80E+02,90,32,2
690, 5/17/2019,02:00:00,4,"""14/5/19/c""",4,1.81E+02,1.83E+02,1.72E+02,1.70E+02,1.80E+02,90,34,2
691, 5/17/2019,02:10:00,4,"""14/5/19/c""",4,1.85E+02,1.86E+02,1.79E+02,1.86E+02,1.80E+02,90,36,2
692, 5/17/2019,02:20:00,4,"""14/5/19/c""",4,1.81E+02,1.70E+02,1.76E+02,1.77E+02,1.80E+02,90,38,2
693, 5/17/2019,02:30:00,4,"""14/5/19/c""",4,1.82E+02,1.75E+02,1.79E+02,1.76E+02,1.80E+02,90,40,2
694, 5/17/2019,02:40:00,4,"""14/5/19/c""",4,1.71E+02,1.81E+02,1.85E+02,1.90E+02,1.80E+02,90,42,2
695, 5/17/2019,02:50:00,4,"""14/5/19/c""",4,1.78E+02,1.82E+02,1.75E+02,1.87E+02,1.80E+02,90,44,2
696, 5/17/2019,03:00:00,4,"""14/5/19/c""",4,1.82E+02,1.89E+02,1.72E+02,1.87E+02,1.80E+02,90,46,2
697, 5/17/2019,03:10:00,4,"""14/5/19/c""",4,1.74E+02,1.89E+02,1.77E+02,1.75E+02,1.80E+02,90,48,2
698, 5/17/2019,03:20:00,4,"""14/5/19/c""",4,1.87E+02,1.70E+02,1.89E+02,1.82E+02,1.80E+02,90,50,2
699, 5/17/2019,03:30:00,4,"""14/5/19/c""",4,1.82E+02,1.71E+02,1.79E+02,1.83E+02,1.80E+02,90,52,2
700, 5/17/2019,03:40:00,4,"""14/5/19/c""",4,1.84E+02,1.71E+02,1.76E+02,1.70E+02,1.80E+02,90,54,2
701, 5/17/2019,03:50:00,4,"""14/5/19/c""",4,1.85E+02,1.88E+02,1.76E+02,1.88E+02,1.80E+02,90,56,2
702, 5/17/2019,04:00:00,4,"""14/5/19/c""",4,1.84E+02,1.74E+02,1.84E+02,1.90E+02,1.80E+02,90,58,2
703, 5/17/2019,04:10:00,4,"""14/5/19/c""",4,1.77E+02,1.70E+02,1.77E+02,1.77E+02,1.80E+02,90,60,2
704, 5/17/2019,04:20:00,4,"""14/5/19/c""",4,1.88E+02,1.86E+02,1.71E+02,1.82E+02,1.80E+02,90,62,2
705, 5/17/2019,04:30:00,4,"""14/5/19/c""",4,1.88E+02,1.73E+02,1.74E+02,1.77E+02,1.80E+02,90,64,2
706, 5/17/2019,04:40:00,4,"""14/5/19/c""",4,1.75E+02,1.85E+02,1.70E+02,1.86E+02,1.80E+02,90,66,2
707, 5/17/2019,04:50:00,4,"""14/5/19/c""",4,1.76E+02,1.75E+02,1.77E+02,1.79E+02,1.80E+02,90,68,2
708, 5/17/2019,05:00:00,4,"""14/5/19/c""",4,1.71E+02,1.73E+02,1.70E+02,1.79E+02,1.80E+02,90,70,2
709, 5/17/2019,05:10:00,4,"""14/5/19/c""",4,1.86E+02,1.89E+02,1.90E+02,1.71E+02,1.80E+02,90,72,2
710, 5/17/2019,05:20:00,4,"""14/5/19/c""",4,1.87E+02,1.70E+02,1.75E+02,1.86E+02,1.80E+02,90,74,2
711, 5/17/2019,05:30:00,4,"""14/5/19/c""",4,1.88E+02,1.70E+02,1.89E+02,1.76E+02,1.80E+02,90,76,2
712, 5/17/2019,05:40:00,4,"""14/5/19/c""",4,1.89E+02,1.77E+02,1.83E+02,1.87E+02,1.80E+02,90,78,2
713, 5/17/2019,05:50:00,4,"""14/5/19/c""",4,1.74E+02,1.87E+02,1.90E+02,1.72E+02,1.80E+02,90,80,2
714, 5/17/2019,06:00:00,4,"""14/5/19/c""",4,1.78E+02,1.89E+02,1.78E+02,1.88E+02,1.80E+02,90,82,2
715, 5/17/2019,06:10:00,4,"""14/5/19/c""",4,1.77E+02,1.79E+02,1.82E+02,1.89E+02,1.80E+02,90,84,2
716, 5/17/2019,06:20:00,4,"""14/5/19/c""",4,1.84E+02,1.88E+02,1.75E+02,1.78E+02,1.80E+02,90,86,2
717, 5/17/2019,06:30:00,4,"""14/5/19/c""",4,1.81E+02,1.75E+02,1.76E+02,1.74E+02,1.80E+02,90,88,2
718, 5/17/2019,06:40:00,4,"""14/5/19/c""",4,1.77E+02,1.79E+02,1.87E+02,1.79E+02,1.80E+02,90,90,2
719, 5/17/2019,06:50:00,4,"""14/5/19/c""",4,1.71E+02,1.75E+02,1.82E+02,1.73E+02,1.80E+02,90,92,2
720, 5/17/2019,07:00:00,4,"""14/5/19/c""",4,1.87E+02,1.76E+02,1.86E+02,1.89E+02,1.80E+02,90,94,2
721, 5/17/2019,07:10:00,4,"""14/5/19/a""",2,1.99E+02,1.98E+02,1.99E+02,2.08E+02,2.00E+02,30,0,8
722, 5/17/2019,07:20:00,4,"""14/5/19/a""",3,2.05E+02,1.93E+02,1.97E+02,2.04E+02,2.00E+02,30,0,8
723, 5/17/2019,07:30:00,4,"""14/5/19/a""",4,2.05E+02,2.06E+02,2.07E+02,2.05E+02,2.00E+02,30,0,8
724, 5/17/2019,07:40:00,4,"""14/5/19/a""",4,2.04E+02,2.00E+02,1.95E+02,2.07E+02,2.00E+02,30,8,8
725, 5/17/2019,07:50:00,4,"""14/5/19/a""",4,1.96E+02,2.02E+02,1.92E+02,2.05E+02,2.00E+02,30,16,8
726, 5/17/2019,08:00:00,4,"""14/5/19/a""",4,1.98E+02,1.97E+02,1.99E+02,1.92E+02,2.00E+02,30,24,8
727, 5/17/2019,08:10:00,4,"""14/5/19/a""",4,2.05E+02,2.00E+02,1.97E+02,2.04E+02,2.00E+02,30,32,8
728, 5/17/2019,08:20:00,4,"""14/5/19/a""",4,1.99E+02,2.04E+02,1.94E+02,1.96E+02,2.00E+02,30,40,8
729, 5/17/2019,08:30:00,4,"""14/5/19/a""",4,2.08E+02,2.02E+02,2.01E+02,2.08E+02,2.00E+02,30,48,8
730, 5/17/2019,08:40:00,4,"""14/5/19/a""",4,1.96E+02,2.05E+02,2.03E+02,2.01E+02,2.00E+02,30,56,8
731, 5/17/2019,08:50:00,4,"""14/5/19/a""",4,2.09E+02,2.10E+02,1.92E+02,1.95E+02,2.00E+02,30,64,8
732, 5/17/2019,09:00:00,4,"""14/5/19/a""",4,1.92E+02,1.94E+02,2.07E+02,2.05E+02,2.00E+02,30,72,8
733, 5/17/2019,09:10:00,4,"""14/5/19/a""",4,2.08E+02,1.92E+02,1.99E+02,2.03E+02,2.00E+02,30,80,8
734, 5/17/2019,09:20:00,4,"""14/5/19/a""",4,2.08E+02,2.01E+02,2.00E+02,2.02E+02,2.00E+02,30,88,8
735, 5/17/2019,09:30:00,4,"""14/5/19/a""",4,1.99E+02,1.99E+02,2.09E+02,1.95E+02,2.00E+02,30,96,8
736, 5/17/2019,09:40:00,4,"""14/5/19/a""",4,1.96E+02,1.97E+02,1.94E+02,1.98E+02,2.00E+02,30,104,8
737, 5/17/2019,09:50:00,4,"""14/5/19/a""",4,2.10E+02,2.05E+02,1.95E+02,2.01E+02,2.00E+02,30,112,8
738, 5/17/2019,10:00:00,4,"""14/5/19/a""",4,2.03E+02,2.07E+02,2.02E+02,1.93E+02,2.00E+02,30,120,8
739, 5/17/2019,10:10:00,4,"""14/5/19/a""",4,2.09E+02,2.03E+02,1.94E+02,2.04E+02,2.00E+02,30,128,8
740, 5/17/2019,10:20:00,4,"""14/5/19/a""",4,1.97E+02,1.97E+02,2.03E+02,2.10E+02,2.00E+02,30,136,8
741, 5/17/2019,10:30:00,4,"""14/5/19/a""",4,1.99E+02,2.00E+02,2.07E+02,2.10E+02,2.00E+02,30,144,8
742, 5/17/2019,10:40:00,4,"""14/5/19/a""",4,1.90E+02,2.02E+02,2.08E+02,1.98E+02,2.00E+02,30,152,8
743, 5/17/2019,10:50:00,4,"""14/5/19/a""",4,2.07E+02,2.05E+02,2.07E+02,2.10E+02,2.00E+02,30,160,8
744, 5/17/2019,11:00:00,4,"""14/5/19/a""",4,2.06E+02,1.91E+02,2.10E+02,1.96E+02,2.00E+02,30,168,8
745, 5/17/2019,11:10:00,4,"""14/5/19/a""",4,2.01E+02,2.01E+02,2.09E+02,1.94E+02,2.00E+02,30,176,8
746, 5/17/2019,11:20:00,4,"""14/5/19/a""",4,1.92E+02,1.97E+02,1.94E+02,1.92E+02,2.00E+02,30,184,8
747, 5/17/2019,11:30:00,4,"""14/5/19/a""",4,1.99E+02,2.05E+02,2.00E+02,1.92E+02,2.00E+02,30,192,8
748, 5/17/2019,11:40:00,4,"""14/5/19/a""",4,2.10E+02,2.00E+02,2.08E+02,2.09E+02,2.00E+02,30,200,8
749, 5/17/2019,11:50:00,4,"""14/5/19/a""",4,2.00E+02,1.90E+02,2.04E+02,2.02E+02,2.00E+02,30,208,8
750, 5/17/2019,12:00:00,4,"""14/5/19/a""",4,2.06E+02,2.02E+02,2.10E+02,2.10E+02,2.00E+02,30,216,8
751, 5/17/2019,12:10:00,4,"""14/5/19/a""",4,1.92E+02,1.97E+02,2.10E+02,2.01E+02,2.00E+02,30,224,8
752, 5/17/2019,12:20:00,4,"""14/5/19/a""",4,2.05E+02,1.91E+02,2.03E+02,1.92E+02,2.00E+02,30,232,8
753, 5/17/2019,12:30:00,4,"""14/5/19/a""",4,2.08E+02,1.93E+02,2.10E+02,2.06E+02,2.00E+02,30,240,8
754, 5/17/2019,12:40:00,4,"""14/5/19/a""",4,1.96E+02,2.07E+02,1.93E+02,1.95E+02,2.00E+02,30,248,8
755, 5/17/2019,12:50:00,4,"""14/5/19/a""",4,2.08E+02,2.01E+02,2.10E+02,2.01E+02,2.00E+02,30,256,8
756, 5/17/2019,13:00:00,4,"""14/5/19/a""",4,1.92E+02,2.02E+02,2.06E+02,2.03E+02,2.00E+02,30,264,8
757, 5/17/2019,13:10:00,4,"""14/5/19/a""",4,2.01E+02,1.91E+02,1.96E+02,1.99E+02,2.00E+02,30,272,8
758, 5/17/2019,13:20:00,4,"""14/5/19/a""",4,1.96E+02,2.06E+02,1.94E+02,1.91E+02,2.00E+02,30,280,8
759, 5/17/2019,13:30:00,4,"""14/5/19/a""",4,1.96E+02,2.04E+02,2.08E+02,1.92E+02,2.00E+02,30,288,8
760, 5/17/2019,13:40:00,4,"""14/5/19/a""",4,2.08E+02,1.91E+02,1.99E+02,1.97E+02,2.00E+02,30,296,8
761, 5/17/2019,13:50:00,4,"""14/5/19/a""",4,2.03E+02,1.96E+02,1.90E+02,2.02E+02,2.00E+02,30,304,8
762, 5/17/2019,14:00:00,4,"""14/5/19/a""",4,2.05E+02,2.05E+02,2.01E+02,2.06E+02,2.00E+02,30,312,8
763, 5/17/2019,14:10:00,4,"""14/5/19/a""",4,2.00E+02,1.98E+02,2.05E+02,1.90E+02,2.00E+02,30,320,8
764, 5/17/2019,14:20:00,4,"""14/5/19/a""",4,2.05E+02,1.95E+02,2.08E+02,2.07E+02,2.00E+02,30,328,8
765, 5/17/2019,14:30:00,4,"""14/5/19/a""",4,2.03E+02,1.95E+02,2.01E+02,1.94E+02,2.00E+02,30,336,8
766, 5/17/2019,14:40:00,4,"""14/5/19/a""",4,2.00E+02,2.10E+02,2.02E+02,1.95E+02,2.00E+02,30,344,8
767, 5/17/2019,14:50:00,4,"""14/5/19/a""",4,2.01E+02,1.93E+02,1.93E+02,2.09E+02,2.00E+02,30,352,8
768, 5/17/2019,15:00:00,4,"""14/5/19/a""",4,2.06E+02,1.95E+02,1.99E+02,2.08E+02,2.00E+02,30,360,8
769, 5/17/2019,15:10:00,5,"""14/5/19/b""",4,2.29E+02,2.19E+02,2.28E+02,2.15E+02,2.20E+02,50,0,6
770, 5/17/2019,15:20:00,5,"""14/5/19/b""",4,2.27E+02,2.25E+02,2.10E+02,2.20E+02,2.20E+02,50,6,6
771, 5/17/2019,15:30:00,5,"""14/5/19/b""",4,2.24E+02,2.14E+02,2.16E+02,2.16E+02,2.20E+02,50,12,6
772, 5/17/2019,15:40:00,5,"""14/5/19/b""",4,2.22E+02,2.18E+02,2.28E+02,2.18E+02,2.20E+02,50,18,6
773, 5/17/2019,15:50:00,5,"""14/5/19/b""",4,2.29E+02,2.26E+02,2.17E+02,2.23E+02,2.20E+02,50,24,6
774, 5/17/2019,16:00:00,5,"""14/5/19/b""",4,2.28E+02,2.29E+02,2.10E+02,2.21E+02,2.20E+02,50,30,6
775, 5/17/2019,16:10:00,5,"""14/5/19/b""",4,2.27E+02,2.28E+02,2.24E+02,2.29E+02,2.20E+02,50,36,6
776, 5/17/2019,16:20:00,5,"""14/5/19/b""",4,2.23E+02,2.28E+02,2.26E+02,2.13E+02,2.20E+02,50,42,6
777, 5/17/2019,16:30:00,5,"""14/5/19/b""",4,2.25E+02,2.24E+02,2.20E+02,2.29E+02,2.20E+02,50,48,6
778, 5/17/2019,16:40:00,5,"""14/5/19/b""",4,2.19E+02,2.26E+02,2.24E+02,2.11E+02,2.20E+02,50,54,6
779, 5/17/2019,16:50:00,5,"""14/5/19/b""",4,2.12E+02,2.11E+02,2.14E+02,2.17E+02,2.20E+02,50,60,6
780, 5/17/2019,17:00:00,5,"""14/5/19/b""",4,2.22E+02,2.23E+02,2.12E+02,2.12E+02,2.20E+02,50,66,6
781, 5/17/2019,17:10:00,5,"""14/5/19/b""",4,2.18E+02,2.20E+02,2.21E+02,2.21E+02,2.20E+02,50,72,6
782, 5/17/2019,17:20:00,5,"""14/5/19/b""",4,2.27E+02,2.26E+02,2.14E+02,2.28E+02,2.20E+02,50,78,6
783, 5/17/2019,17:30:00,5,"""14/5/19/b""",4,2.14E+02,2.27E+02,2.21E+02,2.24E+02,2.20E+02,50,84,6
784, 5/17/2019,17:40:00,5,"""14/5/19/b""",4,2.19E+02,2.28E+02,2.16E+02,2.25E+02,2.20E+02,50,90,6
785, 5/17/2019,17:50:00,5,"""14/5/19/b""",4,2.17E+02,2.13E+02,2.28E+02,2.23E+02,2.20E+02,50,96,6
786, 5/17/2019,18:00:00,5,"""14/5/19/b""",4,2.23E+02,2.14E+02,2.27E+02,2.22E+02,2.20E+02,50,102,6
787, 5/17/2019,18:10:00,5,"""14/5/19/b""",4,2.30E+02,2.21E+02,2.18E+02,2.20E+02,2.20E+02,50,108,6
788, 5/17/2019,18:20:00,5,"""14/5/19/b""",4,2.26E+02,2.18E+02,2.18E+02,2.15E+02,2.20E+02,50,114,6
789, 5/17/2019,18:30:00,5,"""14/5/19/b""",4,2.14E+02,2.18E+02,2.15E+02,2.22E+02,2.20E+02,50,120,6
790, 5/17/2019,18:40:00,5,"""14/5/19/b""",4,2.21E+02,2.18E+02,2.29E+02,2.10E+02,2.20E+02,50,126,6
791, 5/17/2019,18:50:00,5,"""14/5/19/b""",4,2.27E+02,2.17E+02,2.13E+02,2.21E+02,2.20E+02,50,132,6
792, 5/17/2019,19:00:00,5,"""14/5/19/b""",4,2.29E+02,2.20E+02,2.18E+02,2.13E+02,2.20E+02,50,138,6
793, 5/17/2019,19:10:00,5,"""14/5/19/b""",4,2.11E+02,2.24E+02,2.11E+02,2.29E+02,2.20E+02,50,144,6
794, 5/17/2019,19:20:00,5,"""14/5/19/b""",4,2.22E+02,2.20E+02,2.17E+02,2.28E+02,2.20E+02,50,150,6
795, 5/17/2019,19:30:00,5,"""14/5/19/b""",4,2.12E+02,2.13E+02,2.11E+02,2.12E+02,2.20E+02,50,156,6
796, 5/17/2019,19:40:00,5,"""14/5/19/b""",4,2.14E+02,2.27E+02,2.21E+02,2.23E+02,2.20E+02,50,162,6
797, 5/17/2019,19:50:00,5,"""14/5/19/b""",4,2.30E+02,2.26E+02,2.20E+02,2.13E+02,2.20E+02,50,168,6
798, 5/17/2019,20:00:00,5,"""14/5/19/b""",4,2.11E+02,2.22E+02,2.26E+02,2.21E+02,2.20E+02,50,174,6
799, 5/17/2019,20:10:00,5,"""14/5/19/b""",4,2.28E+02,2.26E+02,2.16E+02,2.19E+02,2.20E+02,50,180,6
800, 5/17/2019,20:20:00,5,"""14/5/19/b""",4,2.11E+02,2.22E+02,2.28E+02,2.13E+02,2.20E+02,50,186,6
801, 5/17/2019,20:30:00,5,"""14/5/19/b""",4,2.12E+02,2.10E+02,2.26E+02,2.28E+02,2.20E+02,50,192,6
802, 5/17/2019,20:40:00,5,"""14/5/19/b""",4,2.30E+02,2.28E+02,2.21E+02,2.29E+02,2.20E+02,50,198,6
803, 5/17/2019,20:50:00,5,"""14/5/19/b""",4,2.29E+02,2.28E+02,2.28E+02,2.16E+02,2.20E+02,50,204,6
804, 5/17/2019,21:00:00,5,"""14/5/19/b""",4,2.22E+02,2.17E+02,2.19E+02,2.10E+02,2.20E+02,50,210,6
805, 5/17/2019,21:10:00,5,"""14/5/19/b""",4,2.29E+02,2.24E+02,2.25E+02,2.27E+02,2.20E+02,50,216,6
806, 5/17/2019,21:20:00,5,"""14/5/19/b""",4,2.14E+02,2.11E+02,2.26E+02,2.25E+02,2.20E+02,50,222,6
807, 5/17/2019,21:30:00,5,"""14/5/19/b""",4,2.29E+02,2.11E+02,2.19E+02,2.22E+02,2.20E+02,50,228,6
808, 5/17/2019,21:40:00,5,"""14/5/19/b""",4,2.19E+02,2.15E+02,2.17E+02,2.23E+02,2.20E+02,50,234,6
809, 5/17/2019,21:50:00,5,"""14/5/19/b""",4,2.20E+02,2.30E+02,2.20E+02,2.11E+02,2.20E+02,50,240,6
810, 5/17/2019,22:00:00,5,"""14/5/19/b""",4,2.15E+02,2.23E+02,2.24E+02,2.10E+02,2.20E+02,50,246,6
811, 5/17/2019,22:10:00,5,"""14/5/19/b""",4,2.26E+02,2.28E+02,2.19E+02,2.25E+02,2.20E+02,50,252,6
812, 5/17/2019,22:20:00,5,"""14/5/19/b""",5,2.27E+02,2.16E+02,2.14E+02,2.29E+02,2.20E+02,50,252,6
813, 5/17/2019,22:30:00,5,"""14/5/19/b""",5,2.25E+02,2.15E+02,2.23E+02,2.22E+02,2.20E+02,50,252,6
814, 5/17/2019,22:40:00,5,"""14/5/19/b""",5,2.26E+02,2.19E+02,2.11E+02,2.25E+02,2.20E+02,50,252,6
815, 5/17/2019,22:50:00,5,"""14/5/19/b""",5,2.20E+02,2.18E+02,2.20E+02,2.29E+02,2.20E+02,50,252,6
816, 5/17/2019,23:00:00,5,"""14/5/19/b""",5,2.15E+02,2.25E+02,2.13E+02,2.20E+02,2.20E+02,50,252,6
817, 5/17/2019,23:10:00,6,"""14/5/19/c""",5,1.80E+02,1.81E+02,1.79E+02,1.79E+02,1.80E+02,90,252,2
818, 5/17/2019,23:20:00,6,"""14/5/19/c""",5,1.74E+02,1.81E+02,1.74E+02,1.89E+02,1.80E+02,90,252,2
819, 5/17/2019,23:30:00,6,"""14/5/19/c""",5,1.72E+02,1.70E+02,1.88E+02,1.74E+02,1.80E+02,90,252,2
820, 5/17/2019,23:40:00,6,"""14/5/19/c""",5,1.73E+02,1.84E+02,1.76E+02,1.71E+02,1.80E+02,90,252,2
821, 5/17/2019,23:50:00,6,"""14/5/19/c""",5,1.87E+02,1.88E+02,1.77E+02,1.83E+02,1.80E+02,90,252,2
822, 5/18/2019,00:00:00,6,"""14/5/19/c""",5,1.74E+02,1.70E+02,1.76E+02,1.85E+02,1.80E+02,90,252,2
823, 5/18/2019,00:10:00,6,"""14/5/19/c""",5,1.74E+02,1.70E+02,1.87E+02,1.77E+02,1.80E+02,90,252,2
824, 5/18/2019,00:20:00,6,"""14/5/19/c""",5,1.88E+02,1.76E+02,1.79E+02,1.71E+02,1.80E+02,90,252,2
825, 5/18/2019,00:30:00,6,"""14/5/19/c""",5,1.88E+02,1.81E+02,1.83E+02,1.87E+02,1.80E+02,90,252,2
826, 5/18/2019,00:40:00,6,"""14/5/19/c""",6,0.00E+00,0.00E+00,0.00E+00,0.00E+00,0.00E+00,0,0,0
827, 5/18/2019,00:50:00,6,"""14/5/19/c""",6,0.00E+00,0.00E+00,0.00E+00,0.00E+00,0.00E+00,0,0,1
828, 5/18/2019,01:00:00,6,"""14/5/19/c""",6,0.00E+00,0.00E+00,0.00E+00,0.00E+00,0.00E+00,0,0,2
829, 5/18/2019,01:10:00,6,"""14/5/19/c""",6,0.00E+00,0.00E+00,0.00E+00,0.00E+00,0.00E+00,0,0,3
830, 5/18/2019,01:20:00,6,"""14/5/19/c""",6,0.00E+00,0.00E+00,0.00E+00,0.00E+00,0.00E+00,0,0,4
831, 5/18/2019,01:30:00,6,"""14/5/19/c""",6,0.00E+00,0.00E+00,0.00E+00,0.00E+00,0.00E+00,0,0,5
832, 5/18/2019,01:40:00,6,"""14/5/19/c""",6,0.00E+00,0.00E+00,0.00E+00,0.00E+00,0.00E+00,0,0,6
833, 5/18/2019,01:50:00,6,"""14/5/19/c""",6,0.00E+00,0.00E+00,0.00E+00,0.00E+00,0.00E+00,0,0,7
834, 5/18/2019,02:00:00,6,"""14/5/19/c""",6,0.00E+00,0.00E+00,0.00E+00,0.00E+00,0.00E+00,0,0,8
835, 5/18/2019,02:10:00,6,"""14/5/19/c""",6,0.00E+00,0.00E+00,0.00E+00,0.00E+00,0.00E+00,0,0,9
836, 5/18/2019,02:20:00,6,"""14/5/19/c""",6,0.00E+00,0.00E+00,0.00E+00,0.00E+00,0.00E+00,0,0,10
837, 5/18/2019,02:30:00,6,"""14/5/19/c""",6,0.00E+00,0.00E+00,0.00E+00,0.00E+00,0.00E+00,0,0,11
838, 5/18/2019,02:40:00,6,"""14/5/19/c""",6,0.00E+00,0.00E+00,0.00E+00,0.00E+00,0.00E+00,0,0,12
839, 5/18/2019,02:50:00,6,"""14/5/19/c""",6,0.00E+00,0.00E+00,0.00E+00,0.00E+00,0.00E+00,0,0,13
840, 5/18/2019,03:00:00,6,"""14/5/19/c""",6,0.00E+00,0.00E+00,0.00E+00,0.00E+00,0.00E+00,0,0,14
841, 5/18/2019,03:10:00,6,"""14/5/19/c""",6,0.00E+00,0.00E+00,0.00E+00,0.00E+00,0.00E+00,0,0,15
842, 5/18/2019,03:20:00,6,"""14/5/19/c""",6,0.00E+00,0.00E+00,0.00E+00,0.00E+00,0.00E+00,0,0,16
843, 5/18/2019,03:30:00,6,"""14/5/19/c""",6,0.00E+00,0.00E+00,0.00E+00,0.00E+00,0.00E+00,0,0,17
844, 5/18/2019,03:40:00,6,"""14/5/19/c""",6,0.00E+00,0.00E+00,0.00E+00,0.00E+00,0.00E+00,0,0,18
845, 5/18/2019,03:50:00,6,"""14/5/19/c""",6,0.00E+00,0.00E+00,0.00E+00,0.00E+00,0.00E+00,0,0,19
846, 5/18/2019,04:00:00,6,"""14/5/19/c""",6,0.00E+00,0.00E+00,0.00E+00,0.00E+00,0.00E+00,0,0,20
847, 5/18/2019,04:10:00,6,"""14/5/19/c""",6,0.00E+00,0.00E+00,0.00E+00,0.00E+00,0.00E+00,0,0,21
848, 5/18/2019,04:20:00,6,"""14/5/19/c""",6,0.00E+00,0.00E+00,0.00E+00,0.00E+00,0.00E+00,0,0,22
849, 5/18/2019,04:30:00,6,"""14/5/19/c""",6,0.00E+00,0.00E+00,0.00E+00,0.00E+00,0.00E+00,0,0,23
850, 5/18/2019,04:40:00,6,"""14/5/19/c""",6,0.00E+00,0.00E+00,0.00E+00,0.00E+00,0.00E+00,0,0,24
851, 5/18/2019,04:50:00,6,"""14/5/19/c""",6,0.00E+00,0.00E+00,0.00E+00,0.00E+00,0.00E+00,0,0,25
852, 5/18/2019,05:00:00,6,"""14/5/19/c""",6,0.00E+00,0.00E+00,0.00E+00,0.00E+00,0.00E+00,0,0,26
853, 5/18/2019,05:10:00,6,"""14/5/19/c""",6,0.00E+00,0.00E+00,0.00E+00,0.00E+00,0.00E+00,0,0,27
854, 5/18/2019,05:20:00,6,"""14/5/19/c""",6,0.00E+00,0.00E+00,0.00E+00,0.00E+00,0.00E+00,0,0,28
855, 5/18/2019,05:30:00,6,"""14/5/19/c""",6,0.00E+00,0.00E+00,0.00E+00,0.00E+00,0.00E+00,0,0,29
856, 5/18/2019,05:40:00,6,"""14/5/19/c""",6,0.00E+00,0.00E+00,0.00E+00,0.00E+00,0.00E+00,0,0,30
857, 5/18/2019,05:50:00,6,"""14/5/19/c""",6,0.00E+00,0.00E+00,0.00E+00,0.00E+00,0.00E+00,0,0,31
858, 5/18/2019,06:00:00,6,"""14/5/19/c""",6,0.00E+00,0.00E+00,0.00E+00,0.00E+00,0.00E+00,0,0,32
859, 5/18/2019,06:10:00,6,"""14/5/19/c""",6,0.00E+00,0.00E+00,0.00E+00,0.00E+00,0.00E+00,0,0,33
860, 5/18/2019,06:20:00,6,"""14/5/19/c""",6,0.00E+00,0.00E+00,0.00E+00,0.00E+00,0.00E+00,0,0,34
861, 5/18/2019,06:30:00,6,"""14/5/19/c""",6,0.00E+00,0.00E+00,0.00E+00,0.00E+00,0.00E+00,0,0,35
862, 5/18/2019,06:40:00,6,"""14/5/19/c""",6,0.00E+00,0.00E+00,0.00E+00,0.00E+00,0.00E+00,0,0,36
863, 5/18/2019,06:50:00,6,"""14/5/19/c""",6,0.00E+00,0.00E+00,0.00E+00,0.00E+00,0.00E+00,0,0,37
864, 5/18/2019,07:00:00,6,"""14/5/19/c""",6,0.00E+00,0.00E+00,0.00E+00,0.00E+00,0.00E+00,0,0,38
